:020000041000EA
:1000000000B5324B212058609868022188439860DF
:10001000D860186158612E4B002199600221596106
:100020000121F02299502B49196001219960352056
:1000300000F044F80222904214D00621196600F024
:1000400034F8196E01211966002018661A6600F04E
:100050002CF8196E196E196E052000F02FF8012189
:100060000842F9D1002199601B49196000215960AB
:100070001A491B48016001219960EB211966A021F2
:10008000196600F012F800219960164914480160C1
:100090000121996001BC002800D000471248134993
:1000A000086003C880F30888084703B5996A0420EC
:1000B0000142FBD001200142F8D103BD02B5186610
:1000C0001866FFF7F2FF186E186E02BD00000240BE
:1000D000000000180000070000035F00212200005C
:1000E000F4000018222000A00001001008ED00E03C
:1000F00000000000000000000000000074B24E7A12
:1001000000200420F7010010C3010010C5010010F9
:10011000C1010010C1010010C1010010C101001097
:10012000C1010010C1010010C1010010C701001081
:10013000C1010010C1010010C9010010CB01001065
:10014000CD010010CD010010CD010010CD01001037
:10015000CD010010CD010010CD010010CD01001027
:10016000CD010010CD010010CD010010CD01001017
:10017000CD010010CD010010CD010010CD01001007
:10018000CD010010CD010010CD010010CD010010F7
:10019000CD010010CD010010CD010010CD010010E7
:1001A000CD010010CD010010CD010010CD010010D7
:1001B000CD010010CD010010CD010010CD010010C7
:1001C00000BE00BE00BE00BE00BE00BEEFF3058054
:1001D000103800BEF2EB88716429011094290110D7
:1001E0003802001090A31AE71E481F49086006C88D
:1001F00081F3088810471D480068002801D019487D
:10020000F3E70DA40ECC002902D000F012F8F9E7B4
:100210001749184A002000E001C19142FCD116495B
:100220008847164988471649884700BEFDE701C937
:1002300001C29A42FBD3704794290110C0000020EC
:10024000A81E00207C4701100000042000000420AC
:100250007C47011000100420001004200000000062
:10026000704700000000000008ED00E0000000D032
:10027000A81E0020903800209D6A00102D05001057
:10028000956A0010F8B5C0460448054B10B5834286
:1002900003D0044B002B00D0984710BDA81E0020AF
:1002A000A81E00200000000006480749091A8B100C
:1002B000C90FC91810B5491003D0044B002B00D04A
:1002C000984710BDA81E0020A81E002000000000B6
:1002D00010B5074C2378002B09D1FFF7D5FF054B4C
:1002E000002B02D0044800E000BF0123237010BDA2
:1002F000F026002000000000D8010110054B10B5C9
:10030000002B03D00449054800E000BFFFF7CCFFF5
:1003100010BDC04600000000F4260020D8010110E6
:1003200010B50400642006F043FD206010BDC046F7
:1003300070B504000D0000F075FB0600042C00D021
:1003400070BD2B07FCD5154806F0E2FD3205920F73
:10035000012A08D0022A16D0002A0ED00321104804
:1003600006F060FEECE731120A40FF2133041B0F58
:1003700031400C4806F056FEE2E7FF210A483140C2
:1003800006F050FEDCE7FF213304F2051B0FD20F0D
:100390003140064806F046FED2E7C046D8010110BB
:1003A0003402011004020110F80101101C020110B6
:1003B000F0B5C64600254B4B00B51D6006F0F2FCBB
:1003C000322003F053FDE1214748C90203F03CFE0F
:1003D000FA20400003F04AFD0221002002F0EAFD6D
:1003E0000221012002F0E6FD322003F03FFD3F49EB
:1003F0000D60EFF3108472B63D4806F025FD84F3DE
:1004000010883C4806F084FD00F08CFD00F0CCFE26
:10041000394806F07DFD00F05DFC0A2003F026FD62
:1004200000F05EFC00F0DCFD344806F071FDB02306
:10043000B427334C5B00E5500433E5507F000833AC
:10044000E550B826E551984600F04CFBBA237600FB
:100450008022A05120005B00E5505204043329495A
:10046000E250E73004330922E55004F0BDFFA62333
:10047000254A5B00E250CB220433E2500433C33AF6
:10048000E2500433063AE250204A04332048E25056
:1004900006F03EFD200000F0C3FD1E4806F038FDCA
:1004A000002203211C4806F0BDFD4346E159E258F5
:1004B0001A4806F0B7FDA159194806F0B3FD00F03F
:1004C00083F900280AD0174806F022FD200000F02A
:1004D000C5FB00F07DFA80BCB846F0BD124806F0BE
:1004E00017FDF3E7A4320020004003406C320020E7
:1004F000210300105C02011090020110A4020110FF
:10050000C43600205002011080FC0A00881300004D
:10051000B8020110E00201100003011024030110D1
:100520003C030110540301106C030110F0B5DE46CA
:1005300057464E464546E0B585B0FFF739FF3D4882
:1005400006F0E6FC00F0C4FE3B4BBA2798463B4B56
:1005500000259B46B0235B00994604339A46384CED
:10056000384E7F0023E0042219009143192930D02E
:10057000092B58D0102B56D0200000F081FF336893
:10058000002B10D0202293434C2B42D0532B08D168
:100590002D4806F0BDFC5B4600220821042002F035
:1005A0004FFD00233360642003F060FC01353221ED
:1005B000280004F071F8002919D0200000F04EFB4B
:1005C000200000F0C3FB200000F0D4FFE359002B13
:1005D000C9D14B46E0585346E15C6623FF33E35CE8
:1005E0002200002B00D1194A00F0B6FEC4E700F04B
:1005F000F5F900210390812000F02CF84A46039B76
:100600000090019329004046E359A25806F00AFDE4
:10061000D3E70F4806F07CFC5B460122082104204A
:1006200002F00EFDBDE75346E15C4B462200E05868
:10063000DAE7C04688030110B4030110310300104B
:10064000C43600206C32002014040110E0070110B1
:10065000FC03011070B582B06B4618705970C0462B
:10066000C046C046D02580262D06B602AE61C046E3
:10067000C046C04601AC02232200694606480FF07E
:100680006BFDC046C046C0466E61C046C046C0460F
:10069000607802B070BDC04600C0034070B582B043
:1006A000A0236A461380C046C046C046D025802697
:1006B0002D06B602AE61C046C046C04601AC22005F
:1006C00069469E3B07480FF047FDC046C046C046FE
:1006D0006E61C046C046C04660780007C00F02B0D9
:1006E00070BDC04600C0034070B582B0A0236A460A
:1006F0001380C046C046C046D02580262D06B602CF
:10070000AE61C046C046C04601AC220069469E3B71
:1007100007480FF021FDC046C046C0466E61C04686
:10072000C046C04660788006C00F02B070BDC046AB
:1007300000C0034070B582B0A0236A461380C04653
:10074000C046C046D02580262D06B602AE61C04602
:10075000C046C04601AC220069469E3B07480FF0E8
:10076000FBFCC046C046C0466E61C046C046C0469F
:1007700060784006C00F02B070BDC04600C00340A4
:1007800070B582B0A0236A461380C046C046C046FA
:10079000D02580262D06B602AE61C046C046C046B2
:1007A00001AC220069469E3B06480FF0D5FCC046CE
:1007B000C046C0466E61C046C046C0466078C009AB
:1007C00002B070BD00C0034070B582B0A0236A467D
:1007D0001380C046C046C046D02580262D06B602EE
:1007E000AE61C046C046C04601AC220069469E3B91
:1007F00007480FF0B1FCC046C046C0466E61C04617
:10080000C046C04601206378184002B070BDC046A3
:1008100000C0034030B5822383B06A465B0013807A
:10082000C046C046C046D02480252406AD02A5613E
:10083000C046C046C046033B6946FF3B01AA064886
:100840000FF08AFCC046C046C0466561C046C0463F
:10085000C04603B030BDC04600C00340F0B583B011
:10086000A0236A461380C046C046C046D0248025D7
:100870002406AD02A561C046C046C046154F01AE74
:100880003200694638009E3B0FF066FCC046C04609
:10089000C0466561C046C046C046002269467378BE
:1008A0000A70102213434B70C046C046C046A56173
:1008B000C046C046C0460223320038000FF04CFC50
:1008C000C046C046C0466561C046C046C04603B08B
:1008D000F0BDC04600C00340F0B583B0A0236A4617
:1008E0001380C046C046C046D02480252406AD02F1
:1008F000A561C046C046C046154F01AE32006946EC
:1009000038009E3B0FF028FCC046C046C0466561DB
:10091000C046C046C0460022694673780A7010324D
:1009200093434B70C046C046C046A561C046C04612
:10093000C0460223320038000FF00EFCC046C0460D
:10094000C0466561C046C046C04603B0F0BDC04663
:1009500000C00340F0B583B0A0236A461380C046B0
:10096000C046C046D02480252406AD02A561C046FD
:10097000C046C046154F01AE3200694638009E3B66
:100980000FF0EAFBC046C046C0466561C046C0469F
:10099000C0460022694673780A70203293434B7038
:1009A000C046C046C046A561C046C046C0460223F8
:1009B000320038000FF0D0FBC046C046C04665612B
:1009C000C046C046C04603B0F0BDC04600C00340AC
:1009D000D02304221B065A617047C04670B582B00E
:1009E000A0236A461380C046C046C046D025802654
:1009F0002D06B602AE61C046C046C04601AC22001C
:100A000069469E3B06480FF0A7FBC046C046C0465D
:100A10006E61C046C046C046607802B070BDC04638
:100A200000C00340F0B5C64600B582B081236A46D7
:100A30001380C046C046C046D02580262D06B6028B
:100A4000AE61C046C046C046254C694620007F3B8B
:100A500001AA0FF081FBC046C046C0466E61C04689
:100A6000C046C0466B466A465F7982231380C04603
:100A7000C046C046AE61C046C046C046694620007A
:100A8000803B01AA0FF068FBC046C046C0466E61BD
:100A9000C046C046C0466B465B796A46984683238B
:100AA0001380C046C046C046AE61C046C046C04680
:100AB00069462000813B01AA0FF04EFBC046C046AC
:100AC000C0466E61C046C046C0466B4642465B7932
:100AD00010021B041843384302B080BCB846F0BD76
:100AE00000C0034070B5D02580262D066C68F60343
:100AF000344063425C411620013402F01DFB6E62FB
:100B0000200070BDD0231B0658684006C00F7047F8
:100B10000523F0B5C646984600B582B06B464246FE
:100B20001A706A46031406005370C046C046C04699
:100B3000D02480252406AD02A561C046C046C0462B
:100B4000214F02236946380001AA0FF005FBC04679
:100B5000C046C0466561C046C046C0466B46424678
:100B60001A706A4633125370C046C046C046A5612B
:100B7000C046C046C04602236946380001AA0FF0AD
:100B8000EBFAC046C046C0466561C046C046C04696
:100B90006B4642465E701A70C046C046C046A561AC
:100BA000C046C046C04602236946380001AA0FF07D
:100BB000D3FAC046C046C0466561C046C046C0467E
:100BC00002B080BCB846F0BD00C0034030B583B071
:100BD0006A46062350701370C046C046C046D024F3
:100BE00080252406AD02A561C046C046C04602234A
:100BF000694601AA05480FF0AFFAC046C046C04694
:100C00006561C046C046C04603B030BD00C0034069
:100C100070B582B088236A461380C046C046C0467D
:100C2000D02580262D06B602AE61C046C046C0461D
:100C300001AC22006946863B06480FF08DFAC0469B
:100C4000C046C0466E61C046C046C046607802B02D
:100C500070BDC04600C003407047C04670B5D02488
:100C60000123240662688025120D9343BC225200A2
:100C700083547A230232815CFF33C1546368AD032D
:100C80002B405D425D4182B08554002B01D100298B
:100C900001D002B070BD6A460533FF331380C046F1
:100CA000C046C0468025AD02A561C046C046C046CC
:100CB000033B6946FF3B01AA05480FF04DFAC046C9
:100CC000C046C0466561C046C046C046E1E7C04672
:100CD00000C00340D02308221B069A617047C0461B
:100CE000D02308221B065A617047C046D0238022B9
:100CF0001B069A617047C046D02380221B065A61AA
:100D00007047C046D02380221B0692009A6170472C
:100D1000D02380221B0692005A617047D023802284
:100D20001B06D2009A617047D02380221B06D20096
:100D30005A617047D02380221B0652009A61704787
:100D4000D02380221B0652005A61704770B50500FF
:100D50000EF032F91F211C2002F02CF90022002194
:100D60001C2002F041F900211C2002F0D1F980235F
:100D7000254C9B0122680A205340E022D2011340F7
:100D8000224A136003F072F80422214B1A60FC32ED
:100D900023681342FCD0C021636849009AB21B0447
:100DA0001B0C6B506823FF33EC5C002C0BD1200034
:100DB000184991426041E8548A420BD9D023042259
:100DC0001B065A6170BD0021134890424941E95405
:100DD000824210D8D02304221B069A610F49104882
:100DE00000F002FA6823FF33EB5CA342EAD00D481F
:100DF00006F08EF8E6E7D02304221B065A610A4863
:100E000006F086F8DEE7C04600C0044000D004408B
:100E100000E00440210B00007C0B00002C040110BA
:100E200038040110400401105C040110D02301209B
:100E30001B065B68DB0A98437047C0460022034BE1
:100E40001A60034B01321A607047C04650300020D0
:100E5000543100201422034B1A600022024B1A6006
:100E60007047C0465030002054310020F0B5294B67
:100E700083B01C68012C27D0274C284A2368694678
:100E8000013B2360D35C12224B700A70C046C046FF
:100E9000C046D02580262D06B602AE61C046C046AB
:100EA000C046022301AA1E480FF056F9C046C046AC
:100EB000C0466E61C046C046C0462368002B27DC92
:100EC0000024200003B0F0BD134D144A2B6869467E
:100ED00001332B60D35C12224B700A70C046C046AF
:100EE000C046D02680273606BF02B761C046C0463E
:100EF000C046022301AA0A480FF02EF9C046C04698
:100F0000C0467761C046C046C0462B68132BD8DC6C
:100F10000224D6E754310020503000207C04011018
:100F200000C00340F8B5192002F006F9D024802350
:100F300024069B0463620320A36102F0FDF80823EA
:100F400002206362636102F0F7F8042380278026A1
:100F5000802563620720636102F0EEF87600676225
:100F60000820676102F0E8F8AD006662092066615A
:100F700002F0E2F865620A20656102F0DDF8802384
:100F8000DB0063620B20A36102F0D6F880231B0113
:100F9000A362142002F0D0F880235B03A362152023
:100FA00002F0CAF880239B03A362162002F0C4F863
:100FB0008023DB03A36200220121162002F014F833
:100FC000062002F0B9F84023002201210620A36286
:100FD00002F00AF800F096FA67616661A561F8BD53
:100FE00010B50D490D480DF0C3FD0121122001F08F
:100FF000E1FF0121132001F0DDFF0121102001F0AC
:10100000D9FF112002F098F8D02380221B0692020B
:101010005A625A6110BDC04640787D0100C003404D
:10102000A023F0B5CE464746994680B583B06B46BF
:101030004A4606001A80C046C046C046D0248025D5
:101040002406AD02A561C046C046C046554F0223E6
:101050006946380001AA0FF07FF8C046C046C04676
:101060006561C046C046C046002290466B466A464F
:1010700041465B791170102293436A465370C04613
:10108000C046C046A561C046C046C0460223694668
:10109000380001AA0FF060F8C046C046C04665613E
:1010A000C046C046C04666234246FF33F2546B46F4
:1010B0004A461A80C046C046C046A561C046C046E2
:1010C000C04602236946380001AA0FF045F8C04621
:1010D000C046C0466561C046C046C0466A466B46CB
:1010E00041465B791170202293436A465370C04693
:1010F000C046C046A561C046C046C04602236946F8
:10110000380001AA0FF028F8C046C046C046656105
:10111000C046C046C046B32342465B00F254633B20
:10112000FF3B63616823FF33F2546A46D73B138069
:10113000C046C046C046A561C046C046C0466946D6
:1011400038008E3B01AA0FF007F8C046C046C046E3
:101150006561C046C046C0466B465A79B4235B0001
:10116000F2506A46D73B1380C046C046C046A561D0
:10117000C046C046C046694638008F3B01AA0EF003
:10118000EBFFC046C046C0466561C046C046C0468B
:101190006B465A79B6235B00F25003B0C0BCB94627
:1011A000B046F0BD00C00340002310B50A4C4022F9
:1011B00023720A4B80216360094B20002361094B95
:1011C000E3603C2301F072FB200001F013FCFA20E5
:1011D00002F04CFE10BDC046A8320020441600208C
:1011E00001040000BC320020F0B5184C83B00500AB
:1011F00020000E0001F0FEFB2000002101F0D2FBD8
:101200000023134F20003B72124B02220093002157
:10121000022301F00BFC200002231622002100957E
:1012200001F004FC02232A2200212000009601F094
:10123000FDFB200001F0FCFC32002900064805F00F
:10124000F1FE64233B6003B0F0BDC046A83200202D
:1012500048380020A8040110B0040110F0B5184C63
:1012600083B0050020000E0001F0C4FB2000002127
:1012700001F098FB0023134F20003B72124B022217
:1012800000930521022301F0D1FB20000223162246
:101290000521009501F0CAFB02232A220521200026
:1012A000009601F0C3FB200001F0C2FC32002900CF
:1012B000064805F0B7FE1E233B6003B0F0BDC046F4
:1012C000A832002048380020D0040110D8040110B2
:1012D00030B51B4C83B0200001F08CFB20000021B6
:1012E00001F060FB0023174D20002B72164B0522E6
:1012F00000930C21022301F099FB144B2000009372
:10130000142202231E2101F091FB114B20000093B7
:10131000232202230A2101F089FB0E4B32220F21E6
:1013200020000093022301F081FB200001F080FCEB
:10133000FA20800002F09AFD1E232B6003B030BD1E
:10134000A832002048380020F804011000050110E0
:101350000805011014050110F0B5D6464F46464663
:10136000444BC0B55B6882B09946434B9246180027
:101370009846022701F03EFB4E461F2511E063060A
:101380001BD4A30620D4E30625D423072AD463075D
:101390002FD4A30734D4E30739D4083501366F2D91
:1013A0003ED00023F3563478002BE8DA3A0040466A
:1013B000E91F01F027FB6306E3D53A004046A91F69
:1013C00001F020FBA306DED53A004046691F01F07C
:1013D00019FBE306D9D53A004046291F01F012FB5C
:1013E0002307D4D53A004046E91E01F00BFB630702
:1013F000CFD53A004046A91E01F004FBA307CAD589
:101400003A004046691E01F0FDFAE307C5D5290000
:101410003A004046083501F0F5FA01366F2DC0D18B
:101420000A239C460137E1442A2FA5D10023DF225D
:10143000009312495200404601F02CFB50460EF03A
:1014400009FD0400022001F05FFC2100402341431C
:101450004908591A5346342240460093022301F0AA
:10146000E5FA404601F0E4FB02B0E0BCBA46B14602
:10147000A846F0BDF0050020A83200204C2800202E
:1014800070B51D4C02002368002B16DD9621013B30
:10149000890061602360002B0ED16133FF33C05897
:1014A0000433D15C6623FF33D35C002B16D0FFF7E7
:1014B00053FF96239B00636070BD63685D1E65608B
:1014C000002DF9D1237A002B0FD000210B4801F019
:1014D00069FA257296239B006360EDE7084AFFF7DF
:1014E0003BFF96239B006360E6E70121034801F080
:1014F00059FA01232372EDE748380020A832002072
:10150000E007011030B5184C85B0200017490DF0E8
:101510001FFD03211A2001F04DFD03211B2001F0C6
:1015200049FD002201211A2001F05EFD0022012167
:101530001B2001F059FD322002F098FC00256A467C
:101540000B4B1C219381200003AA022300950DF070
:1015500029FD02236A461C2193812000009503AADD
:101560000DF020FD05B030BD4416002040420F00B4
:10157000030F0000BA2370B55B00C158040082B0AD
:10158000202903D8D74A8B00D3589F46D64805F068
:1015900049FD02B070BDD54805F0BAFCD449D54824
:1015A000FFF75CFEFFF756FCD34805F0B1FCBA2309
:1015B00015225B00E250ECE7FFF758FC0128E8D168
:1015C000B022BC23BA255200A1581A32A25C6D0089
:1015D0005B00E35C0092C948625905F023FD1023CB
:1015E0006351D6E7C64D2B68013B2B60002B00D121
:1015F0004EE3BC235B00E35C002BCAD0BD235B0041
:10160000E35C002BC5D0FFF719FCFFF799FBBA2369
:101610001F225B00E250BCE7B94D2B68013B2B60F9
:10162000002B00D1B0E3BC235B00E35C002BB0D007
:10163000BD235B00E35C002BABD0FFF7FFFBFFF7A4
:101640007FFBFFF75FFBBA231F225B00E250A0E79E
:10165000B022BC23520081581A32825C5B00C35C0A
:101660000092A6481C2205F0DDFCFFF763FB072271
:10167000A34B1A60BA2316325B00E25089E7A04DF3
:101680002B68013B2B60002B00D117E3BC235B00D0
:10169000E35C002B00D07CE77B33FF33E35C002B63
:1016A00000D176E7FFF7D6FBFFF74AFBFFF714F907
:1016B000FFF722FBBA231B225B00E25069E7904D43
:1016C0002B68013B2B60002B00D173E3BC235B0034
:1016D000E35C002B00D05CE77B33FF33E35C002B43
:1016E00000D156E7FFF7B6FBFFF72AFBBA231B2210
:1016F0005B00E250FFF7F0F8FFF7FEFA49E7FFF76B
:10170000B5FB051E00D044E7B022BC23BA26520028
:10171000A1581A32A25C76005B000092E35CA259E9
:10172000764805F07FFCA55133E7FFF7FDFAB022BC
:10173000BC23BA255200A1581A32A25C6D005B008E
:10174000E35C00926D48625905F06CFCFFF7F2FA19
:1017500007226B4B1A60192363511AE7FFF7E4FA6B
:10176000B022BC23BA265200A1581A32A25C5B00F8
:101770007600E35C00926148A25905F053FCFFF744
:1017800075FB050001005F4805F04CFC002D00D002
:10179000FFE65D4805F0BCFB5C495D48FFF75EFD78
:1017A000A551F6E6B022BC23520081581A32825C61
:1017B0005B00C35C00925148142205F033FC00F03A
:1017C00047FC002800D1E5E1524805F0A1FB524951
:1017D0005248FFF709FDBA231A225B00E250D8E60F
:1017E000B022BC23520081581A32825C5B00C35C79
:1017F00000924248132205F015FC200000F0FEFE86
:10180000002800D1D4E100F023FC454805F080FB1E
:1018100044494548DDE7B022BC23520081581A32C2
:10182000825C5B00C35C00923448122205F0FAFB34
:10183000200000F05FFD002800D195E100F008FCD9
:101840003A4805F065FB37493948C2E7B022BC2366
:10185000520081581A32825C5B00C35C00922748B8
:10186000082205F0DFFB00F0F3FB002800D15BE16C
:10187000284805F04DFB29492E48FFF7B5FCBA234F
:1018800018225B00E25084E6FFF748FAFEF72CFFCF
:10189000002800D0E9E1FFF735F9002800D14DE13B
:1018A000254805F035FBFFF727FABA2311225B0024
:1018B000E2506EE6B022BC23520081581A32825C9C
:1018C0005B00C35C00920D48042205F0ABFB00F006
:1018D000FFFA002800D15FE1184805F019FB18490C
:1018E0001848CAE7200C0110F80B0110D80B0110A2
:1018F00044080110700B0110780B011068050110ED
:101900004C300020A00B0110C00B0110CC0B0110BB
:10191000B8050110F8080110300B0110D0060110B5
:10192000E80A0110B80A0110B40801108C0A01106D
:101930002807011028090110BC09011064060110D4
:1019400094060110A0060110B022BC235200815859
:101950001A32825C5B00C35C0092E348022205F00D
:1019600061FB00F09DFA002800D129E1DF4805F075
:10197000CFFABA2318225B00E2500AE6FEF700FF16
:10198000002800D134E1DA4805F0C2FA66230022CB
:10199000FF33E2540F332032E250FEF79DFFF8E5AB
:1019A000B022BC23520081581A32825C5B00C35CB7
:1019B0000092CD48062205F035FBFFF757FA0128C3
:1019C00000D0E6E5CB4805F0A3FACB49CB48FFF7BA
:1019D00045FCBA2307225B00E250DAE5FEF784FEFD
:1019E000002800D03EE1FEF7A5FE002800D02EE141
:1019F000BC235B00E35C002B00D01EE1C04805F077
:101A000087FAFEF769FFBA2320225B00E250C0E5A7
:101A1000FFF784F9B022BC23BA255200A1581A322C
:101A2000A25C5B006D00E35C0092AF48625905F078
:101A3000F9FAFFF7FBF9002800D1A1E0B14805F061
:101A400067FAB149B148FFF709FC02236351A0E5E9
:101A5000B022BC23520081581A32825C5B00C35C06
:101A60000092A148072205F0DDFA200000F00EFDEB
:101A7000002800D1B0E000F0EBFAA54805F048FAE4
:101A80009D49A448F9E6FFF74FF9FEF763FFFFF71A
:101A900033F9FFF737F8002800D07AE5FEF770FE3B
:101AA000002800D0BAE1BC235B00E35C002B00D12E
:101AB000A4E1FEF7F3FD002800D0C8E1BD23002219
:101AC0005B00E25465E5B022BC23520081581A3213
:101AD000825C5B00C35C00928348052205F0A2FA99
:101AE0008D4805F015FA200000F024FB051E00D0FB
:101AF000BEE0AA235B00E258102A04DD1C33E15843
:101B0000012900DC84E1854805F002FAFFF796F927
:101B1000834805F0FDF983498348FFF79FFBBA230B
:101B200006225B00E25034E5804805F0F1F9BA2363
:101B300009225B00E250FEF791FE2AE5FEF7FAFD6E
:101B4000002804D0FEF740FE002800D021E5FEF773
:101B5000F1FD002800D158E1BC235B00E35C002BC1
:101B600000D016E572489CE6724805F0D1F962494A
:101B70007148FFF773FBBA2313225B00E25008E5BC
:101B80006E4805F0C5F96E496E48FFF72DFB182326
:101B90006351FEE46C48FFE46C4805F0B9F96C4908
:101BA0006C48FFF75BFBBA2305225B00E250F0E4D0
:101BB000694805F0ADF9BA2314225B00E250E8E46D
:101BC000664805F0A5F966496648FFF747FBBA2362
:101BD00004225B00E250DCE4634805F099F96349B4
:101BE0006348FFF73BFBBA2308225B00E250D0E4D6
:101BF000FEF772FEB022BC23BA265200A1581A3258
:101C0000A25C5B007600E35C00923748A25905F0C5
:101C100009FA00F0D1F905000100564805F002FA72
:101C2000002D00D1DCE0544805F072F953494948D1
:101C3000FFF7DAFA1A23A351ABE4FEF763FF00289B
:101C400000D0FFE0BA2309225B00E250A1E4662342
:101C50000122FF33E254FFF749F8BA2310225B0058
:101C6000E25096E4FFF766F8BDE6FFF763F812E688
:101C700000F0EEF9022D00D1DCE0032D00D1D3E01D
:101C80003F4805F045F93F492248FFF7ADFAF6E530
:101C9000B022520081581A32825C7933FF33C35C20
:101CA000009211481E2205F0BDF904231D222B606D
:101CB0007133FF33E250FFF73DF89AE4B02252004F
:101CC00081581A32825C7933FF33C35C0092064834
:101CD0001A2205F0A7F9072319222B606E33FF3370
:101CE000E250FFF727F8D1E468050110040601105F
:101CF000F80901105C080110B40801108C080110EB
:101D000068090110900501102C040110B80501109C
:101D10009408011038070110DC060110F4070110C7
:101D20001C08011044080110540801103809011062
:101D3000E4090110C40A0110E00A0110C0050110F5
:101D4000EC050110F80501103C0B0110AC06011068
:101D5000C8060110D0060110140B01103C0601103A
:101D60005006011058060110C0080110E4080110C7
:101D7000EC080110140A01103C0A01106C0A011051
:101D8000F806011028070110B022520081581A32BB
:101D9000825C7933FF33C35C009232481D2205F028
:101DA00041F904231E222B607133FF33E250FEF70A
:101DB000C7FF38E4B022520081581A32825C79336E
:101DC000FF33C35C00922748192205F02BF9072343
:101DD0001A222B606E33FF33E250FEF7B1FF75E439
:101DE000214805F095F86623FF33E5541F49204844
:101DF000FFF734FA1223A351FFF7CBFBFEF74EFC9B
:101E0000002821D0FEF77EFF58E6FEF775FFA3E617
:101E1000184805F007F9184918482EE5184805F044
:101E200077F8FEF7F7FC3EE6164805F071F816491C
:101E3000164822E5164805F06BF816491348FFF7D7
:101E4000D3F91CE51448DAE5FEF762FF36E61348DD
:101E500005F05EF8FEF75CFFBA2301225B00E2505A
:101E60002CE6C04668050110AC060110780A011086
:101E7000800A0110A8070110E4070110EC07011007
:101E800020050110780701109C0701107007011050
:101E900044070110640701108C090110440501106A
:101EA00010B50CF095FC0023002801D0180010BDDF
:101EB000044805F02DF804490448FFF795F9642318
:101EC000F4E7C046A40C0110D40C0110E40C01107E
:101ED00070B52948DEB005F01BF8284D0122290015
:101EE00027480AF019F8002834D16846254B264ABD
:101EF00016A90BF03BFA040068460BF0FFF9002C22
:101F000013D17221214EFF22694430000EF00AF8ED
:101F1000FF230122F45431001D480AF0E1F80024A7
:101F2000002821D120005EB070BD2100194805F0C5
:101F300079F819491948FFF757F9002229000020BC
:101F400009F0EAFF002000F0E5FE0123C269134317
:101F5000C361E7E701000400114805F063F8114987
:101F60001148FFF741F9DDE7010004000F4805F0D3
:101F700059F80F490F48DEE7F00C01100C0D011065
:101F8000A81E0020640D0110E0070110543000204D
:101F9000102100206C0D01109C0D0110A80D0110E6
:101FA000100D011058060110540D0110B00D011054
:101FB00094060110A006011070B51A4804F0A8FF9D
:101FC000194D01222900194809F0A6FF002809D15E
:101FD0000A22174917480AF083F8002400280BD179
:101FE000200070BD01000400134805F01BF81349E0
:101FF0001348FFF7F9F8F3E701000400114805F072
:1020000011F811491148FFF7EFF8002229000020CC
:1020100009F082FF002000F07DFE0123C269134316
:10202000C361DDE7EC0D01100C0D0110A81E0020AE
:102030005430002010210020080E01105806011015
:10204000540D01104C0E011094060110A006011051
:1020500010B513480BF096F800281AD10022002082
:10206000104909F059FF002809D1002000F052FE64
:1020700001230024C2691343C361200010BD010085
:102080000400094804F0CEFF08490948FFF7ACF8FE
:10209000F3E704000100074804F0C4FFEDE7C04681
:1020A000102100200C0D0110AC0E0110580601107B
:1020B000DC0E0110880E011010B582B0042201A9B7
:1020C00004006B4609480AF015FC009A011E01D174
:1020D000042A05D0064804F0A5FF002002B010BD78
:1020E000019B01201BBA2360F8E7C04610210020A5
:1020F000EC0E011000B583B001A9030E0B700314A0
:102100004B7003128B70C87004226B4607480AF0AC
:1021100043FD009A011E02D10120042A03D0044885
:1021200004F080FF002003B000BDC0461021002055
:102130001C0F0110F0B5624983B00500614804F03E
:1021400071FF614C614E0A222100300001AB0AF0A0
:10215000D1FB019A011E01D10A2A06D05C4804F085
:1021600061FF0224200003B0F0BD200059490DF0AA
:102170009FFE002864D104222100300001AB0AF048
:10218000B9FB019A011E51D1042A4FD1200004222B
:1021900051490DF08DFE041E54D10B222900300050
:1021A00001AB0AF0A7FB019A011E44D10B2A42D1D0
:1021B0002900C8220B31300001AB0AF09BFB019AC9
:1021C000011E38D1C82A36D129001422D33130005B
:1021D00001AB0AF08FFB019A011E2CD1142A2AD1DF
:1021E0002F00E73764223900300001AB0AF082FB90
:1021F000019A011E1FD1642A1DD1042201A96B4638
:1022000030000AF077FB009A011E14D1042A12D183
:10221000A6222800019B52001BBA5130AB50FF3060
:10222000FFF74AFF00280FD101249BE7284804F05C
:10223000F9FE032496E7264804F0F4FE012491E712
:1022400002248FE703248DE728005530FF30FFF785
:1022500033FF0028E8D028005930FF30FFF72CFF6B
:102260000028E1D028005D30FF30FFF725FF00286F
:10227000DAD03900194804F0D5FEA6235B00E958EE
:10228000174804F0CFFEA8235B00E958154804F076
:10229000C9FEAA235B00E958134804F0C3FEAC232F
:1022A0005B00E958114804F0BDFEAE235B00E9581D
:1022B0000F4804F0B7FE2800FEF7CEFC52E7C046F8
:1022C00054300020500F01105832002010210020FF
:1022D000EC0E0110901200209C120020700F0110D3
:1022E000840F0110940F0110B00F0110D00F0110D6
:1022F000E80F0110F0B55E4983B007005D4804F0B7
:1023000091FE5D4C09225D4920000DF00BFE00237B
:102310005B4E0A2263722100300001AB0AF03CFCE4
:10232000019A051E01D10A2A06D02900554804F059
:1023300079FE012003B0F0BD0322534920000DF0C7
:10234000F1FD0422E5702100300001AB0AF024FC0D
:10235000019A051EE9D1042AE7D13900063220008E
:102360000DF0E0FDA5720B222100300001AB0AF058
:1023700013FC051E71D1019A0B2AD6D13900BC324B
:102380000B3120000DF0CEFDC723C822E5542100FB
:10239000300001AB0AF000FC051E5ED1019AC82A8C
:1023A000C3D13900B53AD33120000DF0BBFD210077
:1023B00014223000E57401AB0AF0EEFB011E4ED191
:1023C000019A142A4CD139004F32E73120000DF028
:1023D000A9FD632300222100E254300001AB6432E6
:1023E0000AF0DAFB011E3AD1019A642A38D1A623F9
:1023F00069465B00FB5830001A0E0A711A144A71C4
:102400001A128A71CB71042201A96B460AF0C4FB2F
:10241000011E2AD1009B042B27D1A8235B00F8586A
:10242000FFF768FE002801D1012083E7AA235B00A3
:10243000F858FFF75FFE0028F6D0AC235B00F85891
:10244000FFF758FE0028EFD0AE235B00F858FFF7E7
:1024500051FE01235840C0B26CE7019A65E7019A2A
:10246000084804F0DFFD012064E7009AF8E7C04661
:102470005430002008100110583100209012002024
:10248000102100201C0F01109C120020F0B5DE4628
:10249000574645464E46E0B507008FB04C494D487B
:1024A00004F0C0FD39004C48E73104F0BBFDA8241E
:1024B000AA23AC2264005B005200FB58BA58395979
:1024C000464804F0AFFD00223B599046002B5FDDEB
:1024D000434BB9469B46434D5D441421404602F0B0
:1024E000B3F800296ED00A21404602F0ADF8002969
:1024F0005ED0AC234A465B00D358002B3FDD4346F9
:102500001B030393AA235B00D25800230193434685
:102510000293012A31DD019B0026DF02039B1F434A
:10252000314B9A462F4B984670023843FEF7F0FA2B
:102530002C4A5946504605AB0AF0DCF9059A0028AA
:1025400034D1424526D15C4620780134FEF73EFB6B
:10255000AC42F9D1AA224B4652009A580136D30F09
:102560009B185B10B342DFDCAC23484601995B004B
:10257000C358013101918B42CBDC029B9846012369
:102580004A469C465033FF33D358E0444345A4DCCD
:10259000002004E00021154804F044FD01200FB0A4
:1025A000F0BCBB46B246A946A046F0BD0100F2E72A
:1025B00042460F4906A804F0DBF90E4806A9FEF7CB
:1025C0004DFE96E741460C4804F02CFD8BE7C046D3
:1025D00054300020281001104C100110541001102C
:1025E0004C2C00208202000010210020A8100110B5
:1025F000941001109C1001107C100110F0B5DE4603
:102600004E46574645468346E0B54B498FB04B484A
:1026100004F008FDAA235A465B00D358A824AC2234
:102620005946640052008A584548095904F0FAFC9A
:102630005B4600221B599146002B5EDD414B424D0B
:102640009A46424B554498461421484601F0FCFFF7
:1026500000296CD00A21484601F0F6FF00295CD021
:10266000AC235A465B00D358002B3DDD4B461B0381
:102670000393AA235B00D258002301934B46029395
:10268000012A2FDD019B0026DF02039B1F432E4BF7
:10269000994670023843FEF73BFA5446FEF7B8FA03
:1026A00020700134A542F9D1274A5146404605AB76
:1026B0000AF072FA059A00282DD14A451FD1AA22A4
:1026C0005B4652009A580136D30F9B185B10B342F9
:1026D000DFDCAC23584601995B00C35801310191FE
:1026E0008B42CDDC029B994601235A469C465033CF
:1026F000FF33D358E1444B45A6DC002004E0002121
:10270000134804F08FFC01200FB0F0BCBB46B2466A
:10271000A946A046F0BD0100F2E74A460D4906A8C9
:1027200004F026F90C4806A9FEF798FD98E74946FB
:102730000A4804F077FC8DE754300020D8100110CF
:10274000541001104C2C00208202000010210020A7
:102750001411011000110110081101107C1001105A
:10276000F0B54E464546DE465746E0B58FB01E00F2
:10277000019318AB20CB0B91197807230C91297882
:1027800006950B405C1EA341C90859186B78079148
:10279000002B00D183E0002900D180E0013A0D92A6
:1027A0000122F1009246089106320021934604006E
:1027B0000A910A98069A84460C99D2788A1A534349
:1027C0000199079A634453430A0042430B98053327
:1027D0008446624402928C460A00099353460021C3
:1027E0000D989B1A6044049003910593099A069BE7
:1027F0009446039A63449B5C019D984608239C463B
:10280000029B464699464D44A946049F0AE063460A
:10281000013BDBB29C46019B7608984663464744E1
:10282000002B29D053463342F1D0059B9846019B9B
:10283000B844002BEBD035000299237842468B42F6
:1028400015D9607882420CD2D00843435846564688
:10285000104086403000E6685B18F65C3043E6685E
:10286000F054BA4203D0237801328B42E9D80131C7
:102870004945E2D12E00CAE70899049A8C46039B89
:1028800062440492079A013303939A42AED10A9AA2
:10289000069B01325B78D2B20A929A4289D30FB07A
:1028A000F0BCBB46B246A946A046F0BDF0B5CE4648
:1028B0004746060080B508001900D308B370F368D6
:1028C0008BB00133F3602E4B03AC03932D4B307070
:1028D00004932D4B727005932C4BF17006932C4B87
:1028E00007932C4B089300232376531E2371337ACE
:1028F000002B08D010235200637290423BDD02236C
:102900006373203307E014235200637290422EDC7D
:1029100012236373DF33252763741F4B6F4498467C
:102920001E4B02AD994609E0431C03D141461C48A9
:1029300004F078FB0134A74213D0F1780022237809
:102940002A706B707068022300922A000CF02AFB38
:10295000831CE9D141464846013404F063FBA74299
:10296000EBD101200BB0C0BCB946B046F0BD02238C
:102970006373EF33CFE7023363731033CBE7C046A3
:10298000AED580A800D300408D00A1C8DA0081FF39
:10299000D900DB30A4A6AF2044110110741101103E
:1029A0005411011000B585B000226B461A73012343
:1029B0000B405A21494219436B465973C17802238F
:1029C0004068009203AA0CF0EDFA831C07D0431C68
:1029D00003D10549054804F025FB05B000BD0249B7
:1029E000034804F01FFBF8E74411011054110110D3
:1029F00074110110030010B50021C0681A6902F0BB
:102A0000EDFC10BD037810B58B420DD9447894428B
:102A10000AD9D40863435B180721114001228A4078
:102A2000C068C15C0A43C25410BDC046F0B54E46F2
:102A300045465746DE46E0B583B00C9D81462C786E
:102A4000924698460E00002C16D05F00104B47446B
:102A50009B467F002300203B01355E2B13D85B464D
:102A6000310001940093524643464846FFF778FEF2
:102A70002C78F619002CEDD103B0F0BCBB46B24661
:102A8000A946A046F0BD2C78F619002CE2D1F3E758
:102A900094110110F0B5DE4657464E464546E0B566
:102AA00087B0844602930020352A00DCAFE04B7FDC
:102AB0000A7F1B021343012B00D0A8E00D00CC7F3E
:102AC0008B7F1E35AA7824021C43EB781204144332
:102AD0001B06234300D09AE0CC7B8B7B0A7C24022C
:102AE0001C434B7C120414431B062343CB189A7BD4
:102AF0001C7C12042243DC7B2402224308D09A7CF3
:102B00001C7DDB7C120422431B02134300D18CE0AA
:102B1000CB7C8D7C0A7D1B022B434D7D120413431D
:102B20002D061D4307231A002A40541EA241EC170C
:102B300023405B19DB10D3181A00049303231342BC
:102B400003D09A43130004330493CA7D8C7D0B7E1B
:102B5000120214434A7E1B0423431206CC7A1A4302
:102B60008B7A1600039224020A7B1C434B7B1204CF
:102B700014431B062343C918002E4FDD0122524285
:102B8000330090464344994603920592002D3ED06F
:102B9000109B4B449B465B46DB08072201935B4638
:102BA000012613409E4073B29A46029A002303E026
:102BB00001330132AB4220D00726DC080C5D9E4376
:102BC0003441012634408442F2D164462478944250
:102BD000EED966467678B345EAD2019E0133744356
:102BE0006646F668A418365D2700544626436446B8
:102BF000E4680132E655AB42DED1049B9846059B62
:102C000041449846039BC144C3444B45C3D107B0DC
:102C1000F0BCBB46B246A946A046F0BD002EF6D099
:102C20000023994601330593B0E7013070E7C046B1
:102C3000F0B5CE46474680B5060085780778112066
:102C400087B004220021684402F0C8FB212304ACB1
:102C5000013D23700133EDB2E3707B1EA3706571FB
:102C6000402F03D1202363703F33A3701627224BDC
:102C70006F449846214B03AD994608E0431C03D1AD
:102C800041461F4804F0CEF90134A74213D0002377
:102C900022782B706A70F17800932A0002337068F2
:102CA0000CF080F9831CE9D141464846013404F018
:102CB000B9F9A742EBD140220024F368013B1A7016
:102CC0003369F2680133F1787068013A00940CF0CE
:102CD00069F9831C0AD0431C03D10A49084804F04F
:102CE000A1F907B0C0BCB946B046F0BD05490348DC
:102CF00004F098F9F5E7C046441101107411011071
:102D0000541101108411011043001818400070473D
:102D100001207047012805D8AC239B005843024B83
:102D2000C01870470020FCE7A01200200120704767
:102D3000012803D8024B8001181870470020FCE7D7
:102D400050150020D0231B061B68F0B59A0045469D
:102D500090464146934ADE465258574693465A1E7D
:102D6000934130224E465B421A4013008E4AE0B532
:102D7000944683B0634401938C4B08269A463500F1
:102D8000083DEA081300019908339B005C58002CA9
:102D900027D05B46002B2ED001230F279946390000
:102DA0002140274217D0524640462B001258203B64
:102DB000EA40DB1713404A4613420CD107220800B1
:102DC0002A40920090400200EB0879483C339B0077
:102DD0001A502800D84724090135002C01D0B542EB
:102DE000DDD30836282ECAD103B0F0BCBB46B246AC
:102DF000A946A046F0BD0F2318002040234209D069
:102E000041466A4B59583300E940283BDB0F0B42DF
:102E100000D197E02309F11F002BE2D00F22100010
:102E200018401A4211D04246604B9A583300CA40AB
:102E3000273BDB0F134208D10722CB081140890042
:102E400088405B4A3C339B009850230AB11F002BFB
:102E5000C7D00F22100018401A4211D04246534BDF
:102E60009A583300CA40263BDB0F134208D1072291
:102E7000CB081140890088404D4A3C339B00985054
:102E8000230B711F002BACD00F22100018401A42E8
:102E900045D1230C311F002BA3D00F221000184066
:102EA0001A4258D1230DF11E002B9AD00F22100088
:102EB00018401A4262D1230EB11E002B91D00F226E
:102EC000100018401A4211D04246384B9A5833002D
:102ED000CA40223BDB0F134208D10722CB08114026
:102EE00089008840324A3C339B009850240F711E61
:102EF000002C00D175E7534642469A583300CA4029
:102F0000213BDB0F134200D06BE70722CB081140B7
:102F100089008C40264A3C339B009C5061E7424626
:102F2000224B9A583300CA40253BDB0F1342B0D1E5
:102F30000722CB081140890088401D4A3C339B0082
:102F40009850A6E707231D40AD00A840184B3C321F
:102F50009200D0505EE74246144B9A583300CA4064
:102F6000243BDB0F13429DD10722CB08114089007F
:102F700088400F4A3C339B00985093E742460B4BE6
:102F80009A583300CA40233BDB0F134293D10722E8
:102F9000CB08114089008840054A3C339B0098507B
:102FA00089E7C046643200200041014070380020AB
:102FB0000040014010B54024084A83009A18126866
:102FC000C0005440C0222240054CA44663441A600D
:102FD000044B9C466044416010BDC04604C00140A3
:102FE00004D00140004001400B4B80009C466044EF
:102FF00000290ED100230431002A00D119008022BB
:1030000003685201594094460C2360440B4003600E
:1030100070470C210823EFE704C00140064B8000F5
:10302000C3181B680901594030231940034B9C46C3
:10303000604401607047C04604C0014004D00140B4
:10304000F8B545469846D0231B06DE461C689B46CD
:103050002B4B57469A46A3004E469946E0B5534639
:1030600016004A469B5807000D00002B34D04346FB
:10307000002B3FD053464A4641469950D0231B0669
:103080001C6807201F4A631E9C419446FA081100E1
:10309000302338408000854064421B4823403C3147
:1030A0006344890092000D509B18002E0ED08022A0
:1030B00092019446634401210D201D6000F010F937
:1030C000F0BCBB46B246A946A046F8BDC02292015C
:1030D000944663441D60F3E74346002BD1D053462A
:1030E00041460D2099500022084900F035F95B4611
:1030F0001C68C6E70D20054900F022FABAE7C04671
:10310000643200200041014000400140452D001084
:103110008000002905D0064B9C4640236044036094
:103120007047044B9C46402360440360F8E7C04668
:1031300004E0014004F001400123D02283404021FB
:10314000120693629361094A83009A181268C000BC
:103150005140C0220A4006498C4663441A60054B20
:103160009C460523604443607047C04604C001404C
:1031700004D00140004001400FB400B5084883B0BE
:1031800003F0C6FE049B002B07D005A9180001918F
:1031900003F020FC034803F0BBFE012003F032FCE7
:1031A000741301104C21011070B5EFF3108C72B63E
:1031B0000D4D2B68002BFCD0BFF35F8F0724CB088D
:1031C000C618C05C01230C40A3401C00044003420D
:1031D00007D103433370BFF35F8F2C608CF31088EB
:1031E00070BD1000FFF7C8FF2C0100D0F8B54746AE
:1031F000CE46884680B5EFF3108C72B6214D2C6810
:10320000002CFCD0BFF35F8F9A422CD8D40807273C
:10321000055D061901241740BC402C421FD0072130
:103220000127894609E0D408055D06194C46390096
:103230001440A1400C00294211D001329342F2D235
:1032400001204042BFF35F8F00220E4B1A608CF3C7
:10325000108800280FDBC0BCB946B046F8BD2C432F
:1032600010003470EEE7BFF35F8F00232B608CF308
:103270001088012040424346002BECD00898FFF70D
:103280007BFFC0462C0100D0044A1078431CDBB2FF
:10329000172B00D9102313707047C04690150020DB
:1032A0000021044B044ABFF35F8F02C39342FAD15B
:1032B0007047C046000100D0800100D0054B064A8F
:1032C0001360064A136053609360D36013615361C7
:1032D000936170478080808000E400E004E400E0B7
:1032E0001F2318401E3B8340002905D0C021044AFB
:1032F0004900535013607047802201498B50FAE710
:1033000000E100E070B50D00EFF3108672B60F4AD1
:103310001368002BFCD0BFF35F8F0D4B10309B6800
:1033200084001B590B4A934203D09D4201D001F007
:10333000ADF8074B9B681D51BFF35F8FBFF35F8FE5
:103340000022024B1A6086F3108870BD240100D061
:1033500000ED00E0CD010010F0B557464E46DE46C8
:103360004546E0B585B0060002911700EFF3108BDB
:1033700072B6674A1368002BFCD0BFF35F8F00253D
:10338000644B5D579A46002D00DAA4E06B00624C56
:1033900003935B199B009846A146C1444B46524695
:1033A0009B79103613705D4BB2009B68019299585F
:1033B0000B1B2F2B34D95A4B994200D0A4E0039B0E
:1033C000584A9C46584B6544AD006353434602330C
:1033D0006519E418554B0121043B1B1B1B055B0DB4
:1033E00013436B80524BEF71AB80FF23AB71029B99
:1033F000AB604B460B431900484B019A9B689950B0
:10340000BFF35F8FBFF35F8F0022414B1A608BF3D6
:10341000108805B0F0BCBB46B246A946A046F0BD38
:1034200001200A008243D379BB422FD845464E463D
:10343000130040491B1B5B415943090D3A4B635331
:103440003A4B02356519043B5B1B1B05354D5B0D83
:103450002B4373800426B446E0444444131F1B1BD3
:103460004C46A17102991B05A16049465B0D2B4397
:10347000A380314BE77101431360BDE75800C018CA
:1034800080002018C679BE422BD902000623D356ED
:10349000002BF3DA101D8246284880460426764227
:1034A000B446E14450464E46361A3005400D824639
:1034B00056461C48957106439680039A9446654487
:1034C0001D4AAD00641922604246A371029BA2808E
:1034D000E771A36090E700F0D9FF002553465D57E0
:1034E00054E7101D824690884005001584464046EA
:1034F000D444664604302018301AE0260005400DFA
:10350000360230438046C9E700F0C0FF57E7C046A7
:10351000240100D08F3800209415002000ED00E039
:10352000CD01001000E0FFFF00A1FFFFC415002047
:1035300001BDFFFFAAAA00000148804701BD0000AD
:10354000F0B5DE4657464E464546E0B50C0083B022
:10355000EFF3108972B65F4A1368002BFCD0BFF3FB
:103560005F8F5D4B9A68030010339F00D5595B4A0B
:10357000904695423DD0A5424ED0594EAA1B2F2AC7
:1035800037D8584A934612689446012261469246BB
:10359000824011401F2210405246824092460191C3
:1035A0008022514658468150BFF35F8FEFF305826A
:1035B0009346002A32D101232A009A43906884421C
:1035C00008D17CE04B005B189B00F318986884429C
:1035D0002ED01A00062151560029F3DA84424DD02C
:1035E000019B002B1FD0C02251463E4B52009950E8
:1035F0001960394B9B68DD51BFF35F8FBFF35F8F5D
:103600000022344B1A6089F3108803B0F0BCBB462B
:10361000B246A946A046F0BD1500EAE79342CAD0DB
:1036200000F034FFC7E7802351462E4AD150E0E72F
:1036300006215956002922DB4A0050188000341810
:103640008046A0689860E079D8710620205698716D
:10365000002825DBA488F01A6405241544440019C9
:10366000E0240005400D24022043988052181E4B90
:103670009200B6181A781970B271B1E71300594662
:1036800000290FD1FF3191711849918016490A78AC
:103690009A71174A9B1B5B415A43120D0A709FE7B0
:1036A0001448E2E7144A1549D21A083A5002400D6C
:1036B00001439980124952080A43DA8090E70621B3
:1036C000515613000029B7DA5A46002AEAD1454676
:1036D000DCE7C046240100D000ED00E0CD01001081
:1036E0009415002000E100E08F38002001BDFFFFAD
:1036F000AAAA000001BD0000CE15002000F0FFFFC7
:1037000000F8FFFF70B501240443EFF30581EFF3E8
:10371000108C72B6214A1368002BFCD0BFF35F8F68
:103720001F4B05001F4AED1A6D416A43120D1E4DD5
:103730008900AE6852B27658A6421CD0062159566E
:1037400091421CD012215956914222D01E21595625
:10375000914220D02A2159560324914210D0134B74
:1037600019781A708171BFF35F8F00220B4B1A60BA
:103770008CF3108870BDAB680D4C5C50EFE70024F3
:103780006100091989005B18FF2199710949998025
:10379000E5E70124F4E70224F2E7C046240100D063
:1037A00094150020AAAA000000ED00E08F38002048
:1037B000CD01001001BDFFFF70B504000E00150023
:1037C000FFF762FD0100200000F006F8A680E5800A
:1037D000BFF35F8F70BDC046024B9C4661448900B9
:1037E0000160704740000034F8B5134D134E2C00B3
:1037F000FF27B5421ED22368002B0FD0FFF744FDF0
:1038000001002800FFF7E8FFA780BFF35F8F0834AF
:10381000B4420FD223682500002BEFD1FFF734FD0F
:1038200001002800FFF7D8FF2771BFF35F8F08342E
:10383000B442EFD3F8BDC046901E0020A81E002061
:1038400010B50400FFF720FD01002000FFF7C4FFC2
:10385000FF232371BFF35F8F10BDC0460A4B196869
:10386000EFF3108072B60A68002AFCD0BFF35F8FB6
:103870001B68BFF35F8F00221A6080F3108840BF7F
:10388000002000217047C0467C380020F0B5DE469D
:1038900057464E464546E0B585B0EFF30582032313
:1038A00013409A0011000392B64A525890460122E2
:1038B0009A409146B44B1A604B46B4484363434622
:1038C00008229B5E9A46002B3DDA43469B881BB23A
:1038D000002B00DBA1E043469B79002B00D0F3E0F6
:1038E000434608241C5F002C23DB424652696300D8
:1038F00094461B19DB0063449C68DD68631C00D19F
:103900000FE1A248039984466144826A0B69A61AB2
:103910009B1A9E4215D34A46036A1A4211D09B480D
:1039200000F046FB241A8D41002D02DCC4D1002C8E
:10393000C2D040BF05B0F0BCBB46B246A946A046C7
:10394000F0BD0C61EBE7424652695B00934653447D
:10395000DB009B445B469E68DF6800F029FB801B10
:10396000B9410029B1DB002F00DAE5E05B46884A67
:103970001B69934200D1D8E041465A460820085EB0
:103980005288000410435A465169984704000D00BC
:1039900023002B4300D1CFE0002D00DBE8E0361BF5
:1039A000AF4134003D005B469C60DD600021595E04
:1039B000002900DA89E743465B6922009C462B0018
:1039C00048004018C00060448668C768921BBB412D
:1039D000002B00DA79E74346664602000094019521
:1039E00019810CE07B00DB19DB00F31800980199CA
:1039F0009C68DD68001BA941002904DB1A00002334
:103A0000D75E002FEEDA5B461F8053461380434695
:103A10009B881BB2002B00DA5DE743461A69EFF37F
:103A2000108172B61368002BFCD0BFF35F8F434642
:103A30009B8842461BB29A4601235B4293801369DE
:103A4000BFF35F8F00221A6081F310885346002B6A
:103A500000DA40E743465B699C46082343449B46A3
:103A600053465F0043465744FF0008229A5E67446E
:103A70005E46BC68FD68002A19DB3B000094019596
:103A800067469C4604E01E000023F25E002A0BDB22
:103A90000098019953009B18DB00FB189C68DD68B7
:103AA000001BA9410029EEDA6346BC461F005346BD
:103AB000338000217B5E3A809A46002BD0DA434661
:103AC0009B79002B00D10BE70023424693714346BC
:103AD00046460821595E08364B1C00D129E7474667
:103AE0008C46556902E006004B1C17D04B005B1852
:103AF000DB00E8180A00E95E43881BB2002BF2DA0B
:103B000001235B42DC178360C4606245ECD03180E6
:103B10003B89944603803A814B1CE7D1B846644602
:103B2000E1E66B1C00D0ECE6F9E65B465C69200040
:103B300023699847002821D15B4642461B881381A0
:103B40001269EFF3108372B611680029FCD0BFF33D
:103B50005F8F4246594652880A80424651465180FC
:103B60001269BFF35F8F0021116083F31088ACE608
:103B7000064800F01DFA24184D4114E765682468D2
:103B800006E7C046603800203C7005400040054014
:103B90008D38001070B52E4C2569002D04D00A21F7
:103BA0002C48FFF719FE70BD2B4E0321300000F0AA
:103BB000F5F9E660FFF768FB284B03229C46D0230B
:103BC00022701B061B6801216370254B6044A360B3
:103BD0000F23800020610220638063694942A18035
:103BE00019800231198647311D83585218315A52B3
:103BF00075325C39995218320131995218320131BB
:103C00009952183201319952083518329D520231B9
:103C100018329952183201319952183201319952A1
:103C2000183201319952183201319952183201314A
:103C300099520C4B0C49DC6001303562FFF762FB96
:103C400001210320FFF74CFB084B1D60A7E7C0468E
:103C5000DC1500207C380020004005404000003486
:103C6000FFFF1000603800208D38001038600540DC
:103C700070B5C646010000B50469EFF3108C72B64A
:103C800020680028FCD0BFF35F8F02200D5E4869DA
:103C90006C0080466419E4004444002D01DB208858
:103CA00048800869BFF35F8F002606608CF3108898
:103CB000002D30DBE36063880598013320615B04ED
:103CC00006985B0CA26060611A1C002B21D090B298
:103CD0002B04628018430A69EFF3108672B61368EA
:103CE000002BFCD0BFF35F8F8B8823808D800B6906
:103CF000BFF35F8F00221A6086F310880B780132C1
:103D00009A40CB6805498C4663441A6040BCB04673
:103D100070BD0122DBE701204042F7E73C200000B4
:103D200010B543890A14934233DD53009B1842694E
:103D3000DB00944604696344EFF3108C72B622688A
:103D4000002AFCD0BFF35F8F5A88090494B2090C93
:103D50008A4208D00369BFF35F8F00221A608CF398
:103D60001088002010BD8022120214435C800123C1
:103D700002698371BFF35F8F002111608CF310889B
:103D8000054902788C469340C26801206244136062
:103D9000E8E70020E6E7C0463C200000F0B504005C
:103DA0000D0006267642F717C64636196F4100B554
:103DB00082B08F4214D811D000F002F932003B00DB
:103DC000121A8B41002B15DC002B44D02000290057
:103DD00000F02AF902B080BCB846F0BD8642EBD9AB
:103DE0000026002700F0ECF832003B00121A8B414D
:103DF000002BE9DD00F0E4F832003B00121A8B41A1
:103E0000002B0ADB00230193144B3200009314486B
:103E10003B00FFF72DFF0028D8DBB0460026BC464C
:103E2000104A114F7B6A9C4504D8B96A8845CDD9A0
:103E30009C45CBD11168EFF3108072B60B68002B54
:103E4000FCD0BFF35F8F1368BFF35F8F1E6080F3FA
:103E5000108820BFE6E7002AB8D0CBE75D38001015
:103E6000DC1500207C3800200040054070B50600BD
:103E700000F0A6F8FA2204000D0000233000002113
:103E8000920001F02BFA00196941002902DBFFF7CB
:103E900085FF70BD012001494042F8E7FFFFFF7F29
:103EA000F0B5CE46474680B504000D0083B0EFF371
:103EB0000587002F0DD0364A0020536A8B4203D36A
:103EC000926A0130A24250D303B0C0BCB946B0469A
:103ED000F0BD304B9846DB689946434648461E780D
:103EE00000F066F80B00494602000436B60071582F
:103EF00020008E1A2900801A99418F4211DC0ED0C1
:103F000020BF234A0020536AAB42DDD3926A0130BE
:103F1000A242D9D2E81A421E9041C0B2D4E78642EA
:103F2000EED900F04DF822002B00121A8B41002B25
:103F300020DB00230193184B2200009340462B0006
:103F4000FFF796FE011E15DD114B2E005A6A9542B1
:103F50001CD89B6AA34217D34046FFF7E1FE0C4AE8
:103F60000020536A9E42AFD8D0E7581A421E9041B3
:103F7000C0B2A9E7064A0020536AAB42A4D3926AB2
:103F80000120A242A0D2C5E79542E5D120BFE3E7D8
:103F900000400540DC1500205D38001010B5024AD5
:103FA0000248FFF701F910BD90130110783200208C
:103FB0000300416A0A00986A596A8A42FAD1704736
:103FC000034B596A0A00986A596A9142FAD17047BC
:103FD0000040054070B504000D00124A536A1900F4
:103FE000966A536A8B42FAD13000190024184D4169
:103FF000AB4211D80ED02B000A494A6A9A42FCD330
:1040000007D1084A02E0516A994202D1916AA1425D
:10401000F9D370BDA642EED9012301246442E5170D
:104020005B42E9E700400540064A536A9942FCD8E2
:1040300007D1044B02E05A6A914202D19A6A824245
:10404000F9D3704700400540F8B5040006200D0084
:1040500000F076F9002842D0364B3749E218534237
:104060005A418023DB039C469205344B62441A601C
:10407000334B1A6010000B689843FBD12D4B802105
:10408000E3185A4253412F4A5B00490099520620D7
:1040900000F056F92900C00000F0FEFA0130C30913
:1040A0001ED1402701226262A362266BF30722D44D
:1040B000E36A254B0620E51800232B60266300F0F9
:1040C0003FF93900800000F0E7FA7022E36A5A40B5
:1040D0007E2313402B601D4B23630323A364F8BD91
:1040E0001B4A93421ED900231A4A1B4F6262A362E5
:1040F000266BF307DCD5194B144AE3181A60656A7E
:10410000A26A0620AD01AD1800F01AF9144900F0BA
:10411000C3FAAD020100280000F0BEFA0021FFF74B
:1041200059FFC5E74006800E9F011A003F180300A3
:10413000B9E7C0460080FCBF08C0004000E0004076
:1041400000F00040803800202C1000000103000027
:10415000FEFF0000FFFF0000C0FF3F003030000006
:104160004E0E0000F8B5DE464E4657464546E0B5D1
:104170008B4605000A991800160000F08DFA0A9B7C
:104180006C001F02324B64199C46A40064446368AF
:1041900081469F4200D967602B1FDBB29846012BF6
:1041A00030D9C02380229B01E31812011A60294BE9
:1041B000AD0059599A4600291BD1226876017240F8
:1041C000E0268023164042465B01E3181E60012A68
:1041D00030D9802380229B01E31812011A605346D4
:1041E0004A4667605A51F0BCBB46B246A946A04653
:1041F000F8BD586900F050FA431C5800C018033845
:10420000FDD2DAE75B46012BCBD1C02303229B0111
:10421000E3181A60023AA3681A42FCD0E02322682D
:10422000760156401E4080230A4A5B019246E318FD
:104230001E60AD005A462168514003220A401A60B0
:1042400001225B469A40A3681A42FCD0C1E7C046EF
:10425000008000407C320020F0B546464F46D646EE
:10426000C0B51F00344B44009C462418A40064448D
:10427000636888461600FF2B02D880235B006360CA
:10428000031FDBB29A46012B30D9C02380229B0149
:10429000E31812011A60294B8500595999460029E3
:1042A0001BD1226876017240E026802316405246D8
:1042B0005B01E3181E60012A30D9802380229B0114
:1042C000E31812011A6080235B0063604B465F5164
:1042D000E0BCBA46B146A846F0BD586900F0DCF92A
:1042E000431C5800C0180338FDD2DAE74346012BBF
:1042F000CBD1C02303229B01E3181A60023AA368C2
:104300001A42FCD0E0232268760156401E408023EA
:104310000A4A5B019146E3181E6085004246216807
:10432000514003220A401A60012342469340A2688A
:104330001342FCD0C1E7C046008000407C32002020
:10434000014B8000C05870477C320020F8B5040053
:1043500020481D0017000E0000F09EF901003800F3
:1043600000F09AF9069B29041B0319432368002BCC
:104370001EDB194B194DE21853425A4180235B0151
:104380009C461203164B62441A60164B1A601700C3
:104390002B689F43FBD1144B2660E2182123A060B9
:1043A00013602368002BFCDA0823E1601360F8BD7A
:1043B0003F2322681340B342DBD1A3681B051B0DCA
:1043C0008342D6D1EE22E368D20213408B42D0D191
:1043D000EDE7C046001BB7000040FDBF08C000402D
:1043E00000E0004000F00040043000008023024A5A
:1043F0009B000B43D362704700800540142310B527
:104400000100188804331B88984710BD162310B587
:104410000100188802331B88984710BDF8B547463D
:10442000CE4680B50F1E19D01423994604330400DC
:104430000025012698464B461888434621681B886C
:10444000984701C4431E9841013540420640AF429F
:10445000F1D13000C0BCB946B046F8BD0126F8E73E
:10446000AA23064A1B0113608D235B00D360044915
:10447000044B19605368002BFCDA7047004002407F
:1044800000B0FA00006002407047C04610B5014815
:10449000FEF772FEB413011070B5074D074EB5421A
:1044A00009D20024013E761BB60808CD98472300A8
:1044B0000134B342F9D170BD98010110D40101104B
:1044C000054B064A06491A60064A074B1A60100057
:1044D0000B689843FBD1704700E00040BFCDFBFE66
:1044E00008C00040FE7F3C0000F00040044BDB6C45
:1044F000002B03D18022034BD2021A607047C046C2
:10450000000011504C201150044A054B1A60054A16
:104510001368DB018033FBD17047C046FFFFFF010A
:1045200000F0004008C000404022034B9A675A67E1
:104530001A67DA667047C04600F0014010B5FEF712
:10454000AFFE10BD70B5044D044C2800C022A16818
:1045500000F04AFFA56070BD0000002000ED00E003
:10456000002310B5294C82B0A367FFF779FF012221
:10457000274B1A60636C012BFCD10322254B1A6078
:10458000224A936B012BFCD1013300930121224A73
:1045900022480433FFF7DAFE052301210093204A65
:1045A0002048FFF7D3FE0022022104201E4BFFF714
:1045B00053FE0022012105201C4BFFF74DFE002277
:1045C000002107201A4BFFF747FE00220021082098
:1045D000174BFFF741FE8023DB00009300220021F0
:1045E0000920134BFFF7BEFD0022104B00210620CF
:1045F000FFF732FE0420FFF7A3FE0E4900F04CF84F
:1046000001000020FFF7F2FE02B010BD0080004064
:104610003CB0004030B00040002F6859008002409C
:10462000008C864700C00240001BB700405973074A
:10463000006CDC0240420F0001480421014B184786
:10464000001600201D440010124A936F9B0815D2DB
:104650009066D166002905D0FFE7FFE7FFE7516FBD
:10466000106F704704B580210906C2175140002819
:1046700000D0C8430BF060FD002104BDF0B5146EFE
:10468000556E576F166FFFF7E3FF14665566576751
:104690001667F0BD000000D0114A936F9B0813D23B
:1046A00010665166002905D0FFE7FFE7FFE7516F6D
:1046B000106F704704B5002801D00020C0430BF0F4
:1046C0003BFD002104BDC046F0B5146E556E576F1A
:1046D000166FFFF7E5FF1466556657671667F0BD5E
:1046E000000000D094464A4A926F9208624601D276
:1046F00028E0C046F0B5464E346E756E776F366F63
:1047000000F020F89446424A1466556657671667CB
:104710006246F0BD94463E4A926F9208624601D2CC
:1047200054E0C046F0B53A4E346E756E776F366F12
:1047300000F04CF89446364A14665566576716677B
:104740006246F0BD002B24DB11D000293EDA00B513
:10475000C943404200D1013100F038F8C94340421A
:1047600000D10131DB43524200D1013300BD002AA8
:10477000EBD1002801D1002905D00020C90FC907BD
:1047800001D1C043410800B50BF0CEFC002200234C
:1047900000BD00B500290ADBDB43524200D10133E2
:1047A00000F014F8C943404200D1013100BDC943B3
:1047B000404200D10131DB43524200D1013300F0CD
:1047C00005F8DB43524200D1013300BD002923D15B
:1047D000002B18D1002A0CD0BC460D4F38667A66E3
:1047E00000210023FFE7FFE7FFE77A6F386F674696
:1047F0007047002801D00748010000B50BF094FC79
:104800000022002300BD02000B00002000217047A1
:10481000000000D0FFFFFFFF002B00D0BFE0130C13
:1048200028D1002AE7D080B4114F39667A66FFE7B5
:10483000FFE730B4040C7B6F396F1B0423433B66E6
:104840007A66FFE7FFE7FFE7C04684B27B6F3D6F04
:104850001B0423433B667A66FFE7FFE7C04600235D
:104860002C042D0C7A6F386F00196941B0BC704769
:10487000000000D0F0B594460025140E01D11202BC
:104880000835140F01D112010435940F01D19200A3
:104890000235D40F01D152000135D40B0134254F1C
:1048A0007C66254C3C660E0C93B2FFE7FFE7FFE702
:1048B0003C6F6643360C7703BE467343DF0B5B04E5
:1048C000C01AB941130C7343DB18C91ACE086643EA
:1048D000360CB64493B273431F0F1B01C01AB94183
:1048E000130C73431F0B1B05C01AB941860D8F02B1
:1048F0003E436643360C092D24DB520A7243801A6C
:104900007703460A6643360C16235B1BDE40DF4006
:10491000BF1964466643821B7046043506330100A6
:10492000D940A840C01900D30131A24206D20023C9
:10493000F0BD0000000000D0FFFFFFFF121B0130A0
:10494000F3D3F1E709277F1BFE406446A2B272430E
:10495000801A00D20139220C7243130C1204821AFD
:1049600099410B007046043513370100F940A84007
:10497000801900D30131002B02D1A2420AD2F0BD2E
:10498000013000D30131121BFAD2013BF8D1A2420F
:1049900000D2F0BD013000D30131121BF7E7F0B5B2
:1049A0001C0C00D080E00CB400251C0A04D11B02B2
:1049B000160E3343120208351C0B04D11B01160FCF
:1049C0003343120104359C0B04D19B00960F3343F3
:1049D00092000235DC0B02D192185B4101351C00BC
:1049E000971864410134464F7C66464C3C660E0C79
:1049F000FFE7FFE7FFE7C0463C6F6643360C7703EF
:104A0000BE4697B27743C01B00D20139C01B00D20B
:104A100001399FB27743C91BC91B170C77437E042A
:104A2000FF0B801BB941CE086643360C0C2D33DBDF
:104A3000B644120B1F053A431B0B97B27743C01BBA
:104A400000D201399FB27743C91B170C77433E044C
:104A50003F0C801BB941860D8F023E4366432927D8
:104A60007F1BFE400C3D7746AF40BF1930BCA2B261
:104A7000ABB272437343801A9941220C7243130CF8
:104A80001204801A994102000B000137001BA94152
:104A9000F9D2781E0021F0BD0C277F1BFE4077461F
:104AA0007F0BAF40FF19E0E700245D1C07D0144FD7
:104AB0007D663966FFE7FFE7FFE7FFE73C6F95B2EA
:104AC0009EB265436643401BB141150C1E0C654305
:104AD000664336042F0C3E432D04401BB1419942DE
:104AE00004D202000B0020000021F0BD01D1904251
:104AF000F7D3801A994101349942F2D3F6E70000C6
:104B0000000000D0FFFFFFFF48404140484018B47C
:104B10001B4B5B68FC46019308BD04DFAF4D0010E2
:104B200018B4174B1B68FC46019308BD00DFB94D54
:104B300000109446134A926F920809D2624618B444
:104B40000F4BDB68FC46019308BD0CDF7150001071
:104B50000C4AF0B5146E556E576F166F6246FFF72C
:104B6000EEFF084A1466556657671667F0BD18B41D
:104B7000034B9B68FC46019308BD08DF154F0010EE
:104B8000F0240020000000D0FFB5504042405040CB
:104B900059404B40594000E0FFB5154F4C00640DA3
:104BA00003D0BC4204D10C0314D80020090D090520
:104BB0005C00640D03D0BC4204D11C030AD800225F
:104BC0001B0D1B0501264B4009D44B4003D58B42DE
:104BD00000D18242FFBD9942FCD19042FFBD0B4300
:104BE000DB1803431343F5D0C9434918FFBD000048
:104BF000FF07000000B5FFF7CFFF804100BDC046B2
:104C000000B5FFF7C9FF01D9002000BD012000BD9C
:104C100000B5FFF7B9FF01D9002000BD012000BD9C
:104C200000B5FFF7B1FF804100BD012040054A00FB
:104C3000121804D85A00121801D800207047012019
:104C4000704700000021002805D17047C117484077
:104C5000401AFAD0C90713B5064B1B6898470CBC1D
:104C6000441CA2401005120B0349091B09051943F6
:104C7000114310BD783800201F04000010B54C000F
:104C8000620D8023D218DB00D21A5B057E2A10DD6C
:104C90009E3A13DACC170903490819435242D1400E
:104CA000640001341532202A05DAD04008436043FD
:104CB00010BD002010BD0846604310BDC80FC018CD
:104CC000013810BD18B4044B5B6AFC46019308BD63
:104CD00024DF215200100000F0240020132370B5BF
:104CE0001D78012D19D014DD1E48FFF78FFB06003B
:104CF0001D48FFF78BFB1D4C80223100200000F087
:104D000073FB022D06D01A48FFF778FB194B186089
:104D100070BD164C184BA364F5E7174B134C23607A
:104D20006360A360E36023616361A361E361236265
:104D30006362A362E36223636363A363E363236445
:104D40006364A364E36423656365A365E365236625
:104D50006366A366E36623676367A367E367A36489
:104D6000D1E7C0465344000053460000F024002021
:104D70004C330000783800207D4D001007B56046A8
:104D800001880A0A0230DF2AFAD1C9B2820804D3A4
:104D9000028840880004104300E00068014A505037
:104DA000039007BDF02400200FB403BC0CBCF0B589
:104DB0000124E407634000E0F0B50C0DCF0F661E40
:104DC0003605891B640503D3C943404200D3013132
:104DD000640D03D0661CF60A07D0E41B00207F0098
:104DE000791C89078912803C24031D0DDF0F6E1E7C
:104DF00036059B1B6D0503D3DB43524200D30133C1
:104E00006D0D03D06E1CF60A07D0ED1B00227F004B
:104E10007B1C9B079B12803D2D032F1B661B58D4C8
:104E2000A446202E46DA20371400BC401D00BD40A9
:104E3000F24033412A4380185941CB0F05D0C94372
:104E4000C043002264425041514162464D0D28D179
:104E50000D0D07D100281FD0241940414941013AC6
:104E60000D0DF9D0640006D3013000D30131002CC0
:104E700001D140084000013A0BD4941CE40A04D14B
:104E800012051144DB071944F0BDD907204B194323
:104E900000E0D9070020F0BD0029DDD1002CDBD1D6
:104EA000F0BD0132C6074008CD0728434908002E4F
:104EB000E1D0D9E73C2E29DA203E40371400BC402F
:104EC00000D00124F24014431A00BB401C43D31706
:104ED000ACE7AC46202F08DA20360400B4400D00C1
:104EE000B540F84039412843A5E73C2F0CDA203F74
:104EF00040360400B44000D00124F84004430800C8
:104F0000B1400C43C117EAE710001900002494E7F0
:104F10000000F07FF0B50C0D661E3605891BE60A11
:104F20006405640D02D0651CED0A04D00020012147
:104F30000905803C2403A4461C0D671E3F05DB1BAE
:104F4000E70A6405640D02D0651CED0A04D0002256
:104F500001231B05803C24037740644497B484B24A
:104F600096B27443070C7E43150C6F4380B26843BE
:104F7000361802D3012000043F183004350C001904
:104F80007D41844688B29AB250430C0C62431F0C98
:104F90007C438EB27E43921902D301263604A419B3
:104FA0001604170C3618674101BC81B29AB25143FE
:104FB000040C62431B0C5C4380B25843121802D3AA
:104FC0000120000424181004130C401863412D180C
:104FD0005E410020474106BC88B293B258430C0C96
:104FE0006343120C544389B251435B1802D301212D
:104FF0000904641819041A0C091862416D18564105
:105000000020474118BCF902720D1143F0026A0DED
:105010001043ED020A0D03D16D1940414941013B96
:10502000124E9B1B7600B3420ED26D0007D30130A7
:10503000002671416646354301D1400840001B05FA
:10504000C918E4072144F0BD0BDA013306D1013061
:1050500004D101314F0D01D04908F2E7E1070020EA
:10506000F0BD013631050020EBE70000FF03000032
:10507000F0B51C0D671E3F05DB1BE70A6405640DD8
:1050800002D0661CF60A04D0002201231B05803CD6
:105090002403D0252D060026F6432E661E096E66D3
:1050A000CE0FF619B44649004F0D02D07E1CF60A09
:1050B00003D000200021403F3F033E1BB600B44414
:1050C000013F7F05C91B49082E6F013676089C02F7
:1050D000950D25437543ED137543AD1301356D10E3
:1050E000F603761B0CB4CC02450D2C43A2B2B3B22E
:1050F0005A43270C7B43350C6F43A4B26C431B19F6
:1051000002D3012424043F191C041D0CA4187D4162
:1051100024196D41009A91B2ACB26143170C7C43E3
:105120002B0C5F4392B25A43A41802D301221204FB
:10513000BF182204230C52187B41019C6C431B199D
:10514000520ED9010A434401A01A81B2B2B25143AE
:1051500003145A43360C734387B27743D617D219D8
:1051600000277E4136049B191704160C7F185E41F8
:105170007316ED18F301002680337541A90F06D18F
:105180006400690AE8055B0A184309D22FE004228B
:10519000944480337541A90AA8059B0A184326D375
:1051A000404149412404009A019B0D005543641B72
:1051B0004343E41A95B286B27543170C7E43030C41
:1051C0005F4392B25A43B61802D301221204BF18A9
:1051D0003204330C52197B4152429C41002C02D4C0
:1051E0000022013051414008CA071043490802B06B
:1051F0006246D7079210084BD218084B9A4203D246
:1052000012058918C919F0BD0020002A01DC3900F7
:10521000F0BD01331905F5E7FD030000FE070000AE
:10522000002200B5203200F004F8080000BD0000A4
:1052300000220B150AD410B5944600F031F814146E
:10524000013400DA0021CB17144C20470020002144
:1052500070476244343A0CD40C2A07DA04009140B7
:10526000904052422032D440214310BDD843D9430C
:1052700010BD203207D40C469440524220321141D6
:10528000D040204310BD0800C917203203D4524239
:105290002032104110BD1800190010BD53520010EB
:1052A0000A0DCC0F531E1B05C91A520503D3C9435F
:1052B000404200D30131520D03D0531CDB0A07D00A
:1052C000121B00206400611C89078912803A1203B6
:1052D000014BD21A70470000FF03000051434343C3
:1052E000C9188C46110C83B24B4310B4040C6143B3
:1052F00092B280B2504362431C041B0C001910BCD4
:1053000059411304120CC018514161447047000008
:10531000132310B512481C78FFF778F80100012C10
:105320000AD003DD80220F4800F05EF80E48FFF738
:1053300065F80E4B186010BD0A4C5422200000F096
:1053400053F80B4B6365A365E36523666366A36649
:10535000E36623676367A367E3672362E361E5E7C7
:1053600053460000F02500204C3300007838002020
:105370007553001007B5604601880A0A0230DF2A1B
:10538000FAD1C9B2820804D30288408800041043CD
:1053900000E00068014A5050039007BDF02500204E
:1053A00010B504000AF09CF9002804D0034B04193E
:1053B0009C4200D810BD0248FDF7DEFE000004202C
:1053C000C013011010B50AF095F910BD0148042171
:1053D000014B1847101600201D440010014B1B689C
:1053E0001847000010160020014B5B6818470000AA
:1053F000101600209A4200D2885470477047C04669
:10540000F8B557464E464546DE46E0B599460A9BF6
:1054100007009A460D9B8846934615000B9E9B07F6
:1054200010D10C9B9E420DD29D1B14000E005D44BA
:1054300022004B46013431002020B847A542F7D165
:10544000B0460B9E002E27D0444675195346AA1B22
:10545000013E985D21004B46B847002EF6D123004F
:105460002C0098460D9B9B070FD55B46E51A0C9BBD
:10547000AB420AD94646984622004B4631002020CE
:105480000135B8470134A845F6D82000F0BCBB462A
:10549000B246A946A046F8BD2C00E3E7F0B54F465A
:1054A0004646D646C0B584B098460EAB1B78129FD0
:1054B000994694460D9C109B119EBA0725D4002E48
:1054C0004BD19C4200D3BFE001223A4092461F2CB0
:1054D00000D9B8E00C9A551E302201E0202C03D0F0
:1054E00001342A55A342F9D85246002A0DD0A642CB
:1054F0000BD9202C44D00C9A551E302201E0202CD0
:105500003ED001342A55B442F9D1FA064DD57A0578
:105510003FD4002C39D10F9B102B00D179E00F9B89
:10552000022B00D18AE030230C9A012413704B46E1
:10553000002B3FD02D230C9A135501340C9B62464F
:1055400000930397434602960194FFF759FF04B076
:10555000E0BCBA46B146A846F0BD012215003D4068
:10556000AA463A422FD04A46002A02D10C323A4289
:1055700000D0013E9C42BAD21F2CABD9202E27D995
:105580002024FA06DAD57A0503D4A3422DD0A64208
:105590002BD00F9B102B32D0022B20D0202CCDD023
:1055A00030220C9B1B191A700134202CC6D04B469C
:1055B000002BBFD17B070DD43B07BFD520230C9A0E
:1055C00013550134BAE79C429FD21F2C00D881E7C3
:1055D00020249AE72B230C9A13550134AEE7202C94
:1055E000ACD00C9B1B1901343AE0631E012C92D005
:1055F0000F9A102A2AD0022A2FD01C00D0E7BB060F
:105600000ED4202C9AD00C9B1A19013478231370D5
:10561000C4E7BB060DD478230C9A01241370BFE7AE
:10562000202C00D18AE758220C9B1B191A700134D8
:10563000B4E758230C9A01241370B1E70C9A603335
:1056400001241370ACE7202400265EE7023CBA0672
:10565000E9D40C9A12191C00D8E70C9A92465344CC
:1056600062221A709AE7C04610B5002800D110BD1A
:1056700001F002FCFBE7C0460B0010B5002802D089
:1056800049681B68984710BDF0B5DE4657464E4640
:105690004546E0B59BB09B46249B89469846259B92
:1056A0000B900C924046424619009A46FFF7BDFA0D
:1056B000002800D0D8E0012240465146774B5242A4
:1056C000FFF7AEFA002800D0CEE001224046514656
:1056D000734B5242FFF78EFA002800D0C4E000223C
:1056E000002340465146FFF785FA002800D0B9E173
:1056F000424653460A9209938023289ADB001A40B7
:105700000E92289A1A4201D1062326930A9A099BDF
:105710001600134300D0C7E0289B002500261B0578
:1057200000D49BE100230D93269A0D9B9A4200DC46
:105730009FE1D01A431E26938023289ADB001A4348
:105740000023002728920D93279B0024BB4200D9F9
:10575000DC1B0223289A1A400E92289A134203D087
:105760007B427B415B421C400D9B002B07D00A987B
:1057700009992A003300FFF7DCF90A900991002209
:10578000002340465146FFF735FA002805D0802017
:1057900000068446099961440991289A414B0B9D62
:1057A00013400493269B0A9A0293099B0394009248
:1057B000019349465B4628000C9A00F08BF90400DF
:1057C000002F62D0289B220098061F23C017984301
:1057D000631C984649465B466530A8470D9B0025EB
:1057E000DA179C18DB0F9A465440013F01E0202D48
:1057F00013D00AAA94461F23200063440A210135CE
:105800005E19FEF749FF3031317020000A21FEF7A2
:1058100043FF26000400092EE9D805230693002340
:1058200004930A330393534605970B9F029312ABDD
:10583000009342465B46494638000195FFF72EFE2D
:105840000E9B0400002B20D00C9BC51A279BAB425B
:105850001BD91E0022005B46494620200135B8476F
:105860000134AE42F6D810E0289B42460493279BB1
:1058700049460393269B0B9802935346009201934B
:105880005B460C9A00F026F9040020001BB0F0BC27
:10589000BB46B246A946A046F0BDC046FFFFEF7F1B
:1058A000FFFFEFFFFFF7FFFF734B099F9C46780058
:1058B000400D6044FFF7CAF9704A714BFFF757F982
:1058C000704A714BFFF72CF93B03704A1B0B1A43CC
:1058D00004000D00300011006D4B0022FFF717F996
:1058E0006C4A6D4BFFF743F902000B0020002900C2
:1058F000FFF716F9FFF7C2F90D90FFF7A7F9674A0E
:10590000674B04000D00FFF732F90022654BFFF7EB
:1059100007F9FFF7B3F9644A0600644B2000290039
:10592000FFF725F9040030000D000F96FFF78EF900
:105930005F4A604BFFF71BF902000B0020002900B3
:10594000FFF7E5F802000B0006000F00FFF70FF964
:10595000320004000D003B0030003900FFF7E0F892
:10596000002210901191544B20002900FFF7E1F81C
:105970000022524BFFF7D4F802000B002000290050
:10598000FFF7D7F800224E4BFFF7CAF802000B00D2
:1059900020002900FFF7CDF80D008021040032001F
:1059A0003B000020C905FFF7B2F802000B00200001
:1059B0002900FFF7B5F802000B0010981199FFF7C6
:1059C000B8F80022314BFFF7ABF83E4B0F9C9C46DA
:1059D000644400222305FFF7CAF805000E00020008
:1059E0000B000A980999FFF705F900280AD00D9BCA
:1059F0002800013B31000D930022304BFFF799F84E
:105A000005000E00C6270D992B0063318F42BF4160
:105A100028997F420437090500D495E6334300D125
:105A200082E6099C284A2100284B0A98FFF7F0F8E3
:105A3000002808D000222100254B0A98FFF7DAF849
:105A4000002800D070E6269B002B00D17CE60E9B40
:105A50005A1E9341269AD31A269375E600230427EB
:105A60000D9371E643460A9380231B065344099322
:105A700042E6002326935FE601FCFFFFFB799F507F
:105A80001344D33FB3C8608B288AC63F0000F03F61
:105A90000000F83F61436F63A787D23F71A3790984
:105AA0004F930A400000E03F1655B5BBB16B024072
:105AB000EF39FAFE422EE63F00002C400000244061
:105AC00000001840FF0300002D431CEBE2361A3F94
:105AD00080842E41F0B54E46DE4657464546E0B539
:105AE00097B09946209E219F229B83469846079116
:105AF0000C923B00320030003900FFF796F8002886
:105B000000D0A9E1012230003900CA4B5242FFF710
:105B100071F8002800D0E1E0012230003900C64BC6
:105B20005242FFF77DF8002800D0B7E00022300095
:105B30003900C24BFFF774F8002800D099E000222A
:105B400030003900BE4BFFF755F8002800D090E038
:105B50000022002330003900FFF74CF8002800D065
:105B6000B1E000230D93249B5B0501D406239846E6
:105B700008AB9C461722002430234146624404E0CF
:105B8000013413550139202C01D00929F8D8884651
:105B900030003900FFF772F84346DA00A94B0500E0
:105BA0009B181A685B6808920993FFF74FF8020088
:105BB0000B0030003900FEF7AAFF089A099BFEF798
:105BC000D6FF0A900B91FFF77DF88246FFF73AF86F
:105BD00002000B000A980B99FEF799FF00229A4BDE
:105BE0000A900B91FFF71CF8002800D1C0E00123B8
:105BF0009C46E2445046FFF725F802000B00089847
:105C00000999FEF7FDFF002802D000239A460135CE
:105C10004346002B6AD008AB17269C46089566447D
:105C2000554614E001235B4243440A2128009A466A
:105C3000FEF732FD013430313719397028000A215E
:105C4000FEF72AFD092D00D8D0E0D0460500202C13
:105C5000E8D10EAB98460323249A1340012B00D1C0
:105C600096E02023249A01930392239A43460292BA
:105C70001EE0249B58460493239B009601970393B0
:105C800043460C9A029307994B46FFF7FDFC17B069
:105C9000F0BCBB46B246A946A046F0BD249B5B07BC
:105CA0000ED40322694B2499019203912399029106
:105CB000009358464B460C9A0799FFF7A1FBE6E77D
:105CC0000422634BEFE73B00320000200021FEF787
:105CD0001EFF012306000F000D9344E7249B03934E
:105CE000239B0293042301935A4BE1E72800FEF71C
:105CF000ADFF02000B0030003900FEF708FF524BE9
:105D0000002206000F00FEF775FF0EAB9846002834
:105D10000AD10022300039004B4BFEF781FF0028EA
:105D200002D1EB0700D50135202C94D008AA944667
:105D30001723280063440A2101341E19FEF784FC4E
:105D40003031280031700A21FEF77EFC051EEBD1B0
:105D50000323249A1340012B1BD0202C00D180E771
:105D60000D9B002B35D02D224146631C0A5579E747
:105D700000220A980B99344BFEF73CFF002800D014
:105D800046E75346002B51D101239C46E2443FE7AE
:105D90002024239B002BE0D00D9B002B03D1249AC1
:105DA0000C33134202D0239B013B2393239BA3423A
:105DB000D3D908AB9C46172230236244202C00D153
:105DC0004FE72399013413558C42C6D0202CF8D1CB
:105DD00047E7249B5B0724D4249A2300120700D4AE
:105DE00040E72022414601330A553BE75746089DCC
:105DF000202C00D12DE7220030214046002F09D071
:105E00000132B154202A00D123E7D3431B191B18B8
:105E1000002BF5D10EAB98462E234146541C8B54D3
:105E200082E72B224146631C0A551BE7DB0700D49F
:105E3000EEE6A9E7FFFFEFFFFFFFEF7F65CDCD4166
:105E400065CDCDC1601601100000E03F681401105F
:105E50006C14011078140110249B0393239B02936C
:105E600003230193004B23E774140110F0B5DE46C1
:105E70004E4657464546E0B59FB01C00289B9146CC
:105E80000993C94AC94B8B4608901A60002900D172
:105E900018E2002320789A46002800D11AE2260052
:105EA0001D005C460AE02A006F1C4B46089D21003D
:105EB000A8473D0001363078002870D02528F2D15F
:105EC00010239B46083B9A46043B9846023B002120
:105ED0009C46721C107816000300203BDBB2102B8E
:105EE00003D8B34F9B00FB589F460300303B092B60
:105EF00032D900230A932A2868D0002398462E28F6
:105F00003ED00300683BDBB2122B1CD8A94A9B0091
:105F1000D3589F46012301321943DBE76346013220
:105F20001943D7E7434601321943D3E75B460132B1
:105F30001943CFE7534601321943CBE780235B0077
:105F40007078194301360300253BDBB2532BAAD8E6
:105F5000994A9B00D3589F4600270300B800C019F8
:105F600001364000C018337830381A00303A070044
:105F7000092AF3D90A901800002398462E28C0D188
:105F800080237078DB0019430300303B721C092B1F
:105F900000D8A1E12A2800D1B2E11600B1E7A3465A
:105FA000AA462C00D14503D801235B424B449A46B4
:105FB0004B46524659460020089DA84720001FB076
:105FC000F0BCBB46B246A946A046F0BD099B40CBFB
:105FD0000A96002E03DB50780993561C8DE728386B
:105FE000014370420A9009935078561C85E778283F
:105FF00000D1DFE1582800D14CE26F2800D14FE3F7
:10600000622801D100F030FC10230A009A430B9261
:10601000692801D000F0A9FC0A230C934B0500D598
:10602000D0E10B9A802311009B0019408B461A4245
:1060300000D0A1E2802311005B0019408A461A4279
:1060400000D0B6E313005B0600D5EDE2130009991A
:106050001B0601D400F076FC08C91BB2D8171A1829
:10606000424092B209919346DA0F1292002B09D165
:10607000802310220B99DB000B4091430B91002BE6
:1060800000D0E4E20B9A6123920600D541230EA9C9
:106090001F228C46DBB262440A3B5F461395A3463F
:1060A00055460C9CB2460D9316000AE03033DBB225
:1060B00001357355A74200D2EDE2202D00D1EAE26E
:1060C000070021003800FEF7E7FACBB20929EDD925
:1060D0000D9A94466344DBB2EAE780239B00707814
:1060E000194301362FE77078682800D1CDE180236D
:1060F0000136194327E770786C2800D1BFE180236F
:106100005B00194301361EE7462800D19BE10722B8
:10611000099B0491073393430A9A1900039242465C
:1061200002920CC908980092019309912A004B46EB
:106130002100FFF7CFFC01360500BCE62A006F1CEA
:106140004B46089D21002520A84701363D00B2E6B8
:106150008B0700D4ADE1099B2A009A466B1C984638
:10616000534601CB21009A46089F4B46C0B2B84720
:106170000A9B9C466544012B00D886E2089B474653
:10618000B04626004C4699463A00230001373100BC
:106190002020C847AF42F7D1A146534634004646B7
:1061A0000993013687E6C0466D5E00105C3800201A
:1061B00080140110C414011010150110099B04CBA8
:1061C0009B4643460992002B00D1C6E013789C46BB
:1061D000002B00D1BDE34346013B099A0133D0189F
:1061E0000A9F130001E0834203D05A780133002A4A
:1061F000F9D1099A0A979B1A0B9380230A00DB00B6
:106200001A400C92194204D00B9B434501D94346D6
:106210000B9302231A000A400D920B4200D187E132
:106220006046002800D168E10C9B002B00D10DE1F5
:10623000A844C246099B57465B1B9846089BB2463A
:106240002A0026004C46994609E023003100551CDF
:10625000C8474346585D002800D126E12A009742EE
:10626000F3D1A1463D00340056460D9B002B00D0D3
:1062700043E15B46013609931DE6099B1A0008CAF3
:106280009246002B48D0212211438B460EA884460B
:106290001F216144099500220F27A4460D0002E04A
:1062A000202A0CD00B003C001C4020003730092C69
:1062B00000D807380132A85419090F2BF0D86446CA
:1062C000099D32E0DC4B2078089300239A46002891
:1062D00000D0E4E5002465E6434606000A9F9800E6
:1062E000C0180132400080191678030030003038A1
:1062F000303B0928F3D93000984616000A9700E68B
:10630000099B023604CB9046D2434046D217104038
:10631000804609933078F4E510220800904311324A
:106320001043834600224905B0D55B4606930823F7
:10633000059343460493102303930023029316AB63
:10634000019200932A004B4621000898FFF7A6F817
:106350005346050001360993ADE513789C46002BA2
:1063600000D1F7E202235B4237E7202302009A4381
:10637000472A04D180231B0119430223984345284F
:1063800001D1202319430722099B0491073393432A
:106390000A9A19000392424602920CC90898009288
:1063A000019309912A004B462100FFF76DF9013650
:1063B000050080E510230C930C230A009A430B92EE
:1063C0004B0503D501230B9A9A430B92692800D100
:1063D00027E6642800D124E60B9A802311009B0055
:1063E00019408B461A4200D066E1802311005B0001
:1063F00019408A461A4200D039E213005B0600D5E4
:106400003CE113001B0600D4A6E2099B04CB120456
:10641000120C934609935B46002B00D09AE10B9A2D
:106420001033110099430B91520500D492E10023DF
:106430009A460B9B06930A9B0593434604930C9B39
:10644000039300230CE12023194360E6099B0A9A79
:106450005B1B98464B4691461F00B2462600089C9F
:106460002A003B003100A04743460135585D002813
:10647000F6D14A463400B94656460A92F5E6C0239C
:106480009B00B078194302365DE5C023B07819430C
:10649000023658E50C230A009A4314331A43103B82
:1064A0000B920C934B058DD496E7A14634005646CB
:1064B000DBE60A9A012A00D853E26B1E9F18089B5C
:1064C000B04626004C4699462A002300013531008B
:1064D0002020C847BD42F7D1A14634004646099B5B
:1064E0003A0001CB210098467D1C4B46089FC0B264
:1064F000B847434601360993DDE40B9B0A9AA84648
:106500009A4200D8B5E694466544ED1A089B474682
:10651000B04626004C4699463A0023000137310028
:106520002020C847AF42F7D1A14634004646A0E636
:106530000B9A0A99531C914200D814E24B199B1AEA
:106540001F00089BB24626004C4699462A002300AD
:10655000013531002020C847BD42F7D10A9BA14632
:1065600001330B93099B34001B7856469C466046CA
:10657000002800D058E67CE60722099B07339343A6
:10658000013294469C4462465F6809921A68FB1780
:106590001093119310981199030053400E930B0020
:1065A0007B400F9394460E9A0F9B121A8B410E92CA
:1065B0000F93FB0F6246129300233A439B463DD054
:1065C0000B9A6123920600D541230022DBB20EA96B
:1065D0000A3B8C4692460D9343461F326244139504
:1065E000159655460E9E0F9FA24690460C9C1493FE
:1065F0000CE03032D2B2434601355A55BB4500D18A
:106600008AE1202D00D18AE106000F00220000233C
:1066100030003900FEF77EF8D2B2092AE9D90D9B85
:106620009C466244D2B2E6E7FF23099904C91340AD
:106630001A00099117E5C046FD5300100B9A10335C
:10664000110099430B915205BAD500239A460B9B32
:1066500006930A9B0593434604930C9B0393129B5A
:1066600002935346019316AB2A00009321004B4638
:106670000898FEF713FF013605001CE4FF22099B72
:1066800002CB11408B460993C5E653464546099314
:106690000136FFF710FC56465C46AA46139DD6E726
:1066A00008230C930B910B99642800D084E60B9B74
:1066B0005B0500D586E6B4E40722099B07339343C4
:1066C000013294469C44624609921A685B68100045
:1066D0009B4613005A46134307D10B9A10331100FF
:1066E00099430B91520500D5A1E60B9A61239206BE
:1066F00000D541230022DBB20EA90A3B8C4692460C
:106700000D9343461F3262445F461295A346554699
:106710000400B24690460C9E13930DE03032D2B284
:10672000434601355A550023BB4200D100E1202DDC
:1067300000D100E104000F003200002320003900E6
:10674000FDF7E8FFD2B2092AE8D90D9B9C466244C6
:10675000D2B2E5E70B9A6123920600D54123DBB262
:106760000EA90A3B1F228C460D93230062445C460F
:106770001295170055469B46B2460C9E08E03033F2
:10678000DBB201357B55B4420ED3202D0CD0040072
:1067900031002000FDF780FFCBB20929EFD90D9A17
:1067A00094466344DBB2ECE756465C46AA46129D2B
:1067B0003FE6099B1A0008CAD91713925A184A4093
:1067C0009246DA0F1292002B08D1802310220B99E7
:1067D000DB000B4091430B91002B2BD10B9A6123D3
:1067E000920600D541230EAA1F279446DBB20A3B2E
:1067F0000D9567445D460993A3465446B2460C9EE8
:1068000008E03033DBB201357B55B4420ED3202D86
:106810000CD0040031002000FDF73EFFCBB2092967
:10682000EFD9099A94466344DBB2ECE756465C46DE
:10683000AB460D9D0B9B2A0006930A9B21000593F6
:10684000434604930C9B08980393129B01360293D2
:106850005B46019316AB00934B46FEF71FFE139B5E
:1068600005000993FFF727FB02230C931AE7099B06
:1068700004CB92461293002A08D1802310220B9950
:10688000DB000B4091430B91002B2BD10B9A612322
:10689000920600D541230EAA1F279446DBB20A3B7D
:1068A0000D9567445D460993A3465446B2460C9E37
:1068B00008E03033DBB201357B55B4420ED3202DD6
:1068C0000CD0040031002000FDF7E6FECBB2092910
:1068D000EFD9099A94466344DBB2ECE756465C462E
:1068E000AB460D9D0B9B2A0006930A9B2100059346
:1068F000434604930C9B08980393002302935B4642
:10690000019316AB00934B46FEF7C8FD129B0500A2
:1069100009930136FFF7CFFAB44200D871E6149B11
:1069200054460E960F97AA469846159E139D8EE6DE
:10693000A64200D8FBE6139B56469846AA465C46FC
:10694000129D76E508C9D8171A1842400991FFF739
:106950008AFB00230B9350E4099B04CB93460993D5
:1069600059E52F00BBE50B9301E6063B0C939AE635
:106970000EB4012210B585B007AC08CC010000941C
:10698000524204480394FFF771FA05B010BC08BCEA
:1069900003B01847F553001000B583B000931300FF
:1069A0000A0001000248FFF761FA03B000BDC046CB
:1069B000F553001000B585B00391012102900093BA
:1069C000034813004A4202A9FFF750FA05B000BD80
:1069D0007956001010B5094A0300146884B0002CE1
:1069E00008D0012200910648524203A9A047012085
:1069F00004B010BD00F08CFA0020F9E75C380020EC
:106A00006956001000BEFDE7094A0300106800281F
:106A100005D00849C3188B4207D813607047064851
:106A20000449C31810608B42F7D901204042F5E7B2
:106A3000583800200000042090380020030010B5D2
:106A400008001100002B05D1044B1A685B6800F0A8
:106A50004FF910BD01204042FBE7C04688130110EA
:106A60000300013B10B508001400012B06D80123D8
:106A70000022210000F0BCF8200010BD012040429F
:106A8000FBE7C046012040427047C046012040421B
:106A90007047C04610B5FFF7B5FFC04670B5FDF7AB
:106AA000FBFC074D074EB54209D20024013E761B80
:106AB000B60808CD984723000134B342F9D170BD20
:106AC000D4010110D8010110030010B50800110015
:106AD0001B68984710BDC046F0B546464F46D6469F
:106AE000C0B5437D80460E001700002B46D0002A1B
:106AF0003FDD4B1E9946244B0125002400209A4679
:106B00000DE04B461B5D0D3B5A425341325DDBB2FB
:106B10000A2A0BD02B00013401359F421ADD002CCC
:106B2000EFD14346325D1B7D0A2AF3D1002BF1D110
:106B3000A04204DA4346211A1B683018984743469E
:106B400050461B6802219847013428002B0001356C
:106B50009F42E4DC874204DD4346391A1B68301843
:106B60009847F619013E33780D3B5A42534142464D
:106B70001375E0BCBA46B146A846F0BD03681100E3
:106B800030009847F5E7C046B0160110F0B5C6468C
:106B90000C000968060000B5802906D04B1C236054
:106BA0006418267180BCB846F0BD0F4B1D68002DDF
:106BB00016D0231D98460D4F02E02D69002D0FD0F1
:106BC0002B68002BF9D03B68002B01D0AB42F4D1ED
:106BD000280041462268FFF77FFF2D69002DEFD185
:106BE00001230021DBE7C046C036002054380020D6
:106BF000F0B5DE4657464E464546E0B585B017002F
:106C00001C0006000D00FDF7DBF90023314A1218C5
:106C10004B41002B59DB304908008A4609F0A4FAA1
:106C200001906B1C03D1300009F014F90500002C11
:106C300026D12A4B98462A4B1C68002C15D0002FD1
:106C400021D1284F02E02469002C0ED02368002BAC
:106C5000F9D03B68002B01D0A342F4D120002A00D8
:106C60003100C0472469002CF0D1019B002B28D1B2
:106C7000280005B0F0BCBB46B246A946A046F0BD10
:106C8000194B9846D7E7174B994602ABDF1D0A23ED
:106C90009B4602E02469002CE7D02368002BF9D042
:106CA0004B461B68002B01D0A342F3D12A003100D0
:106CB0002000C0475B460122390020003B70C047DE
:106CC000E8E7504609F028FAD2E70122074B524282
:106CD000A1E7C04640420F00901E0020C96A001084
:106CE000C036002054380020D96A0010FFFFFF7F13
:106CF000F8B557464E464546DE4698461A4BE0B52F
:106D00009A461A4B07000E0093469946184D534673
:106D10001C68002C03D115E02469002C12D02B68CC
:106D2000002B01D0A342F7D1A368002BF4D031008F
:106D3000380098470028EFDDF0BCBB46B246A946B4
:106D4000A046F8BD4B465B6A984508D84A46926A09
:106D50005A4501D2984502D002204042ECE701207A
:106D60000021FDF737F9D2E7C0360020004005408A
:106D7000543800200A4A1368002B05D10CE01A0091
:106D80001B691032002B07D09842F8D1002902D19C
:106D900003691360016170470029FCD01060FAE7B5
:106DA000C036002010B500F013FA012010BDC04617
:106DB000F0B5CE464746040080B583B0FDF700F934
:106DC0002600002736184F41002F30DBB9461A4BFA
:106DD0001A4D984643461C68002C03D116E02469DE
:106DE000002C13D02B68002B01D0A342F7D1A3684D
:106DF000002BF4D0012101A898470028EFDD6B4655
:106E0000187903B0C0BCB946B046F0BD0C4B5A6A05
:106E10004A4507D39B6AB34201D24A4502D00220B9
:106E20004042EEE701200021FDF7D4F8D2E7012629
:106E3000044B76429946CAE7C036002054380020F9
:106E400000400540FFFFFF7F0A4B70B51C6806003D
:106E50000D00002C08D0E368002B06D0290030007C
:106E600098472469002CF6D170BD2469002CF2D11A
:106E7000FAE7C046C0360020F0B5CE46474680B59A
:106E800083B06B460600DD1D2870FDF799F80023DE
:106E90001A4A12184B41002B2BDB1949080088466F
:106EA00009F062F9174B81461C68002C14D0164F6C
:106EB00002E02469002C0FD02368002BF9D03B6836
:106EC000002B01D0A342F4D1200001222900FFF7BA
:106ED00003FE2469002CEFD14B46002B05D1300076
:106EE00003B0C0BCB946B046F0BD404609F014F945
:106EF000F5E70122054B5242CFE7C04640420F0062
:106F0000901E0020C036002054380020FFFFFF7F75
:106F100070B5040008F09EFF012301000500012266
:106F20002000FFF765FE084B1C68002C06D0636844
:106F3000002B05D098472469002CF8D1280070BD9B
:106F40002469002CF3D1F9E7C0360020F0B5CE4615
:106F5000474680B5A5B004000D00FDF731F80023C9
:106F60002A4A12184B41002B49DB294E300009F008
:106F7000FBF800230700039322002B00254803A9F8
:106F8000FFF718FD039B8046002B14D1224B1C6891
:106F9000002C06D06368002B0BD098472469002C86
:106FA000F8D1002F27D1404625B0C0BCB946B04625
:106FB000F0BD2469ECE7184B1D689946002D22D0DE
:106FC000164C02E02D69002D11D02B68002BF9D052
:106FD0002368002B01D09D42F4D1039B28001A00A6
:106FE00004A90193FFF778FD2D69002DEDD14B46E3
:106FF00003951C68CCE7300009F08EF8D3E7012236
:10700000074B5242B1E70395CBE7C04640420F0021
:10701000901E00208D6B0010C036002054380020D8
:10702000FFFFFF7F0FB400B583B004A901C9019130
:10703000FFF78CFF03B008BC04B01847F0B50D1E75
:1070400015DD0E4B0D271A680D4B4519D318594203
:107050004B410C495B005E5E20210478A64207D0BC
:1070600093691942FCD101301460A842F5D1F0BDFA
:1070700093691942FCD11760F2E7C04684380020BA
:107080000080FCBF8038002030B504000D1E24DDD8
:10709000002010211A4B013C1A689369194217D13C
:1070A000013093691942FCD1136823548542F4D10D
:1070B000144B1B68002B0AD050239363516B183B71
:1070C0000B4011498C4662441360002814D030BD37
:1070D0000C4B1B68002BEFD1F7E70A4B1B68002B0A
:1070E0000AD05022064B1B689A63596B183A0A4023
:1070F00005498C4663441A6003204042E7E7C046D6
:10710000843800207032002034100000064B10B587
:107110001B68002B06D00021044A12689163044AC0
:107120001068984710BDC046703200208438002097
:10713000743200200822034B19688B691A42FCD173
:107140007047C0468438002070B51B4E1B4B326818
:107150000500D3185842434114331C00002D04D0BD
:10716000174B1A68002A11D070BD154E3368002BDA
:10717000FAD0002120009563FCF7B2F820001149F5
:10718000FCF7DEF9104B35601D60EDE71D600E4B1E
:10719000200019600B49FCF7B5F801212000FCF72D
:1071A0009FF8502233689A63596B183A0A4007498E
:1071B0008C4663441A60D7E7843800200080FCBF07
:1071C000703200200D710010743200203410000065
:1071D0000D4B10B51B780D4B0D4C1B780D4B022140
:1071E0001B780D4B00202360FBF7E4FE02210120F9
:1071F000FBF7E0FEE12120684902FCF725FF0121B1
:107200000648FFF7B7FD10BD882901108C29011031
:1072100084380020902901100040034020160020EF
:1072200010B5FEF7BDF810BD10B5FEF7CBF810BDD8
:1072300002007F2801D880B27047802300205B02C3
:107240009A42F9D2B623FF339942F5D10023074978
:1072500004E001339BB20231802B05D008889042B4
:10726000F7D1803398B2E7E70020E5E7D0190110A5
:107270007F2804D9B623FF33994201D000207047FC
:10728000FF28FBD8034B9C46034B60444000185A30
:10729000F5E7C04680FFFF7FD01901108023F0B5CD
:1072A0005B02984217D2802386B25B01984213D2C8
:1072B0002449FF270AE096420CD35B8804311C0A5C
:1072C0003B409D18A84209DB002C0DD00A880B001A
:1072D000002AF0D13000F0BD1B49EAE7082CF9D8AC
:1072E0001A4BA4001B599F465B00C918EEE7503E9D
:1072F000B6B23000EFE70836B6B23000EBE71A3E20
:10730000B6B23000E7E7303EB6B23000E3E7203EE9
:10731000B6B23000DFE7103EB6B23000DBE7012343
:10732000B21A1A40B61AB6B23000D4E7821A520026
:10733000565A3000CFE7064B9C466644B6B2300042
:10734000C9E7C0462017011014190110FC160110DE
:10735000A0E3FFFF0023F0B501680400CB560878D6
:107360004F1C002B01DB2760F0BD1F2302009A4356
:10737000C02A45D00F2302009A43E02A3DD00723BC
:1073800002009A43F02A4CD1032618404A783F2540
:107390001300AB43802B44D18B7880012A400243F9
:1073A0001800CF1CA84380283BD190012B401843E4
:1073B000022E08D0CB780F1D1A00AA43802A30D1A4
:1073C00080012B4018430300174A803B934228D882
:1073D0008022164B1201C318934222D380235B02F2
:1073E0009842C0D3124B134AC3189B018005800DED
:1073F0001340034310481843B5E702261840C5E779
:107400008F1C497818400B00813A9343802B08D198
:107410000A408301100018430200034B803A9A424D
:10742000A1D9012040429FE77FFF10000028FFFF05
:107430000000FFFF0000FF0300DC00D8F0B5DE46CF
:1074400057464E464546E0B5C14B8BB001910268A8
:10745000196804008A4200D196E01869824200D17E
:107460009EE01D6AAA4200D1A6E01E6B0296B242BF
:1074700000D1ADE01F6CBB46BA4200D1C0E01F6D29
:107480000397BA4200D1C7E01F6E0497BA4200D1F9
:10749000CEE01F6F0597BA4200D1D5E08027DF59B3
:1074A0000697BA4200D1DBE09027DF590797BA422E
:1074B00000D1E3E0A027DF590897BA4200D1EBE002
:1074C000B027DE590996B24200D1F3E0C0269E599A
:1074D000B446B24200D1FDE0D0269E59B046B24239
:1074E00000D107E1E0269E59B146B24200D111E138
:1074F000F0269E59B246964200D11BE1002900D1E8
:1075000028E1002800D141E1002D00D140E102999D
:10751000002900D13EE15946002900D13CE1039900
:10752000002900D13AE10499002900D138E10599F8
:10753000002900D136E10699002900D134E10799EC
:10754000002900D132E10899002900D118E10999F8
:10755000002900D12CE16146002900D12AE14146F1
:10756000002900D128E14946002900D126E15146F1
:1075700000200F26002900D1EDE00BB0F0BCBB4687
:10758000B246A946A046F0BD5868A568A84200D0FA
:1075900063E79868256BA84200D05EE7002622E0EA
:1075A0005D69A668B54200D05BE79D69266BB54270
:1075B00000D056E7012616E05E6AA768BE4200D0FA
:1075C00053E79E6A276BBE4200D04EE702260AE0D0
:1075D0005E6BA768BE4200D04CE79E6B276BBE4235
:1075E00000D047E70326019A3501012A00D0C9E0FF
:1075F0005A19D2680020002ABFD10132FF32BBE005
:107600005E6CA768BE4200D039E79E6C276BBE4215
:1076100000D034E70426E6E75E6DA768BE4200D0DE
:1076200032E79E6D276BBE4200D02DE70526DAE7D4
:107630005E6EA768BE4200D02BE79E6E276BBE42EF
:1076400000D026E70626CEE75E6FA768BE4200D0D0
:1076500024E79E6F276BBE4200D01FE70726C2E7D4
:107660008427A668DF59B74200D01DE78827266B1C
:10767000DF59B74200D017E70826B4E79427A66879
:10768000DF59B74200D015E79827266BDF59B7427C
:1076900000D00FE70926A6E7A427A668DF59B7425E
:1076A00000D00DE7A827266BDF59B74200D007E7C7
:1076B0000A2698E7B4269E59B446A668B44500D079
:1076C00004E7B8269E59B446266BB44500D0FDE6C3
:1076D0000B2688E7C4269E59B046A668B04500D060
:1076E000FAE6C8269E59B046266BB04500D0F3E6B0
:1076F0000C2678E7D4269E59B146A668B14500D03D
:10770000F0E6D8269E59B146266BB14500D0E9E691
:107710000D2668E7E4269E59B246A668B24500D019
:10772000E6E6E8269E59B246266BB24500D0DFE673
:107730000E2658E7F426A7689E59BE4200D0DDE623
:10774000F826276B9E59BE4200D0D7E60F264AE79F
:107750004C2700200026A16835015A515A19516062
:10776000216B91600021D160019A013A51424A4156
:10777000FF2152420A4001325B19DA60701CFCE6BC
:107780000A26E8E75A19D2680132F5E70126E2E74E
:107790000226E0E70326DEE70426DCE70526DAE733
:1077A0000626D8E70726D6E70826D4E70926D2E733
:1077B0000B26D0E70C26CEE70D26CCE70E26CAE72F
:1077C000030010B57F2803D80020002A49D110BD3E
:1077D00080242401A0420FD20020012AF7D94022A0
:1077E0009809524202433F20184080235B420343E2
:1077F0000A7002204B70EAE780204002834233D3B4
:10780000032A49D9A0208005844680201A0C12043E
:1078100062449209400382423ED22048802484463A
:107820001B041B0C63440020E400A342CFD21A4384
:1078300080235B029C4610236244900C5B4203430E
:107840000B7080203F23140B40421C4004434C70BB
:1078500094091C401A4004431043C8708C700420E3
:10786000B5E70B700130B2E70020022AAFD90C4A0D
:107870009A18A242ABD32022180B52420243802412
:107880003F200A709A090240644218402243044390
:107890004A7003208C709AE7002098E70024FFFFCD
:1078A0000028FFFFF8B5036857464E464546DE46BA
:1078B00099460023E0B58B76836BC26B07000D0001
:1078C000134300D19CE04B461B78042B00D1C9E048
:1078D000036D013339D04B46DA681088002830D068
:1078E00000239846FF339A4680231B01022600247A
:1078F0009B4615E0534621001A1B43461A311B04D0
:1079000069181843FFF75CFF002800D1A4E00023AA
:1079100098464B46DA682418905B023600280DD052
:107920004346002BE6D1A0239B01C3189BB25B45C5
:10793000E0D28046905B02360028F1D14346002B0E
:1079400000D0002400232C19A3760C239846223360
:107950000026002499463A6C12E0B621FF31FFF769
:1079600087FC002821D0310043460D319A1B69184D
:10797000FFF726FF002818D03A6C36180B2C45D09C
:10798000105D01342028F9D0052800D1E030092C01
:10799000E3D10B2EE1D84A46B621AB195A73FF3119
:1079A0000136FFF765FC0028DDD100236B73AB7E49
:1079B0003A6C002B09D13F230120AB760023281815
:1079C0008376137B002B00D16B733F23D17A0B405E
:1079D0002B73507F137F917F00021843D37F0904DC
:1079E00008431B0603432B6000236B60D37D917D0E
:1079F0001B020B436B81537E117E1B020B432B81B9
:107A0000F0BCBB46B246A946A046F8BD0021AB1962
:107A10005973AB7E002BD8D1002ECCD029006B7BC4
:107A200008260E31002B00D19FE0183C641B0EE0AD
:107A30004138192804D8107B304201D02033DBB202
:107A40000B73601801314B1E1B78002BB6D098B217
:107A50002E2BEDD11026F3E743460024002B00D057
:107A60006FE76FE74B46232219698A5C0B00002AF7
:107A70003DD01F239846E0330027002200264024F3
:107A80009A4618E05346310012049B1B1A311043EA
:107A900069181A00FFF794FE002826D04B460022F2
:107AA000196936182320085C0B00B84258D9982071
:107AB000800084421BD24346234200D102340B5D36
:107AC00001379C460B19587863460002184302346C
:107AD000002AD7D180231B019C46A0239B01C318F9
:107AE0009BB26345CED20200DCE74B461B693F22C6
:107AF0000126AA760022AE19B2766A731979373256
:107B00000A402A73CA0628D438223A21985C0132E6
:107B10009A5C595C1202024309040A433B21585CF7
:107B20000231000610433C225C5C9A5C2402144340
:107B30003E22995C01329A5C09040C4312062243EE
:107B400028606A605A7B197B12020A436A819A7B19
:107B5000DB7B1B0213432B8152E700200022EFE75F
:107B6000002AC4D1002EC5D1C1E7002026E7C046B7
:107B7000F0B55746DE464E464546E0B503798246A7
:107B80000C0087B0002B00D08DE0683353449B4637
:107B90005346DB6AA21E023B9A4200D3B9E0534629
:107BA000002158890023FDF799FB53461C6D5D6D3C
:107BB00024184D4180275346BF003A0000211C661F
:107BC0005D665846FDF70AFC534680215A89090232
:107BD000100056028E4240D30E008027BF0002E004
:107BE0007608BE425BD93000FFF71AFB81460028B9
:107BF000F6D032000021FDF7F1FB730A9B46534695
:107C000000225B899046002B05D115E053465B8925
:107C1000D844434510D94346029300235146039369
:107C200048785946029A039B009112196B414946C4
:107C300006F0D4FE0028E9D04846FFF7F5FA53468F
:107C400058894346181A421E9041C0B207B0F0BC92
:107C5000BB46B246A946A046F0BDBE42BDD80023F1
:107C600098460133994601260027002A09D1E8E702
:107C700001239C4653465889E044A4197D41404560
:107C8000DFD9534658784B462200009359462B00C3
:107C900006F0A4FE0028EBD053465889D1E753469E
:107CA0005A891000DBE76823012553449B460300F3
:107CB000407800951A6E5B6E594606F08FFE030001
:107CC0000120002BC2D1524656461371536E126EDC
:107CD00004920593776C366C53460021186B049A16
:107CE000059B921BBB41994200D051E7904200D8BE
:107CF0004EE75346DB78022B00D049E7049A059BF8
:107D000012184B41514648785946009506F066FED8
:107D10003EE7002400254DE73522342330B5845C4E
:107D2000C35C24021C433623C25C0133C35C1204CF
:107D300014431B0623438B603823C25C0133C35CAE
:107D40001B021A433A23C45C0133C35C240414436A
:107D50001B063D221C433C23855CC35C2D021D4356
:107D60003E23C25C0133C35C120415431B062B4344
:107D70004B6121230C61C25C1F3B1340CB7100237C
:107D8000CB6130BDF0B5CE4647469846FF2380B55F
:107D900085B0814614000191134216D0FF2602E0FF
:107DA000013C264211D001A8FFF7D4FA431C5A1E09
:107DB00093415B421840FFF771FA0028F0D1002090
:107DC00005B0C0BCB946B046F0BD4B461B78002B91
:107DD00051D0802676004A460292019A4846039284
:107DE0001DE02A2B1DD002A8FFF7B4FA431C5A1E2F
:107DF00093415B421840FFF751FA050003A8FFF7D3
:107E0000A9FA431C5A1E93415B421840FFF746FAF9
:107E10000700A8421ED100282FD0029803783F2BDC
:107E2000DFD14346002BCAD000220300013002906C
:107E300019783F2923D032435B783F2BF5D02A2B8A
:107E4000F3D043460399013BFFF79CFF002814D170
:107E5000039B1F7801A8FFF77DFA431C5A1E93412C
:107E60005B421840FFF71AFA002CA8D0002FA6D0CA
:107E70004B461B78AFE7002CABD00120A0E70132C6
:107E8000DAE7C046F0B5D646060000B51D00037916
:107E90000400170086B06836002B14D101233A0085
:107EA000009331002B00607806F05EFD002805D1BC
:107EB0002766656606B080BCBA46F0BD01277F42E2
:107EC00001203D00F4E7012340789A4600933100F9
:107ED000226E636E06F082FD03000120002BE9D1C3
:107EE000216B237102910021226E636E03911000B9
:107EF000190004920593226C636C801A9941002248
:107F00008A42CBD1029A8242C8D9E378022BC5D1EA
:107F100002980399049A059B12184B4151466078C8
:107F20000091310006F05AFDB8E7C046F0B557465B
:107F3000DE4646469A46C0B50023070002391000C7
:107F4000BC6DFD6D0A0BA4185D4182B000940195D3
:107F5000012407330E0519408C40063B9B46050063
:107F6000F60DE4B23B6E009A934241D0009A019B19
:107F70003800FFF787FF00284AD1BB191800683086
:107F8000984603781A002240511E8A41924526D015
:107F90005A466340013D03703A71002D26D080227D
:107FA00092009446414608E00A006340683213702C
:107FB0005A46013D3A71002D18D06400E4B2002CFD
:107FC00007D10136664518D0B9190B000124683372
:107FD0001B781A002240501E82415245E4D10220F3
:107FE00002B0E0BCBB46B246A846F0BD0020F7E7B1
:107FF0007B6E019A9342B9D1BFE70121009B019C9E
:1080000000225B1854410026009301940124A9E743
:108010000120E5E7F0B5D6464F4646460378040012
:108020008A461500C0B5022B00D177E041D8012B5C
:108030006ED14B089946D144494600234A0A416C07
:10804000006C12184B41216E914200D18CE020004F
:10805000FFF718FF00285CD1682398464B460122A1
:1080600051465F1CDB05A044DB0D43440A4200D1AE
:108070007FE00F211878084029010143197000237F
:10808000206C616C22717A0A12184B41216E914268
:1080900000D191E02000FFF7F5FE002839D1FF055F
:1080A000FF0D2D094744EDB201233D7000202371DF
:1080B0002FE0DA1E012A2BD8266C676CC809002134
:1080C00080197941226E82424AD002000B002000C2
:1080D000FFF7D8FE00281CD12378042B63D0534629
:1080E000FE219E0049000E40210068318E19F37870
:1080F0002D011B092A091D0715432B0A73702B0C30
:10810000B370012335702D0EF5700020237100E04F
:108110000220E0BCBA46B146A846F0BD00230A0AD8
:10812000416C006C12184B41216E914214D020001A
:10813000FFF7A8FE0028ECD15246FF21230056008D
:10814000490068330E409E1901233570ADB22D0AE7
:10815000757000202371DCE7616E9942E7D1EBE78F
:10816000626E8A42B1D1B8E7616E994200D06EE783
:1081700072E71D700023206C616C22717A0A12185C
:108180004B41216E91421CD02000FFF77BFE00285E
:10819000BFD10F21FF05FF0D47443B782D0A8B43CC
:1081A0000D401D4380E75346FE219E0049003140AB
:1081B000260068367618A0E7616E994200D069E71C
:1081C0006DE7616E9942DFD1E3E7C046F0B5C64680
:1081D0000C00012700B5012926D90568EB6A8B42FE
:1081E00022D92B78032B00D191E021D8012B56D036
:1081F000022B19D100230A0A286C696C12184B4112
:10820000296E914200D1B7E02800FFF73BFE00281D
:1082100000D0BDE0FF21640049000C402D196835F5
:108220006F782A783F021743380080BCB846F0BD0B
:10823000042BF9D1026943691100194300D08AE087
:10824000C3790127002BEFD1C369002B00D0B6E022
:10825000286C696C0023E20912184B41296E914287
:1082600000D1AEE02800FFF70DFE002800D08FE01F
:10827000FE23A4005B001C40953B2D19FF3BEF5CE7
:108280000133EA5C0133EB5C12023A431B041A43EC
:108290006B23EF5C3F0617437F007F08C4E7002392
:1082A0004E082F6E7618720ABC46286C696C12183C
:1082B0004B416F6EB846624563D02800FFF7E2FD80
:1082C000002865D1286C696C2B6E9C466B6E9846B5
:1082D000F305DB0DEB186833771C1E7800237A0A50
:1082E00012184B41624556D02800FFF7CBFD0028FD
:1082F0004ED1FF05FF0DED1968352B781B021E438B
:108300003709E30700D58FE73605370D8CE70023E3
:10831000CA09286C696C12184B41296E914233D0FE
:108320002800FFF7AFFD002832D1FE216823A4000A
:1083300049000C402D19EF5C0133EA5C0133EB5C22
:1083400012023A431B041A436B23EF5C3F061743A8
:108350003F013F0968E78668002E00D170E7C179C8
:10836000A61B02291AD0032900D06DE78369B34206
:1083700000D869E7671C57E7696E994200D043E768
:1083800048E7BB4299D1A3E7696E9942C8D1CCE7CF
:1083900001277F4248E74345A6D1AAE70120404292
:1083A000C11712184B41D905500A08436A89590A66
:1083B0000023FCF7AFF9864200D935E7DAD1034F45
:1083C00032E7696E994200D04CE751E7FFFFFF7F2B
:1083D000F8B50568066B2B782036043B5A425341AA
:1083E000FE225B42120513408022920394466344AE
:1083F00004009E4205D3002200230420A263E3630D
:10840000F8BD826BC36B1100194342D0F105CF0D4B
:10841000002927D10021012012184B41616BA26372
:10842000E363002924D06B89720A013B1A4219D1F7
:108430002000FFF7CBFE012826D9431C22D0EB6A8F
:108440009842D8D2821E023B60639A421ED2002319
:1084500000216889FCF742FF2A6D6B6D8018594135
:10846000A063E1636835ED19002026632564C7E742
:108470002A8973099342BED26835ED19002026631C
:108480002564BDE70120BBE70220B9E700200021F9
:10849000E6E70420B4E7C046F0B5D64600B5037958
:1084A000060084B0002B0ED13378032B39D0002284
:1084B0000021707806F0CCFA431E9841C0B204B097
:1084C00080BCBA46F0BD07000123683740789A4661
:1084D00000933900326E736E06F080FA03000120BB
:1084E000002BECD13371336E746E18002100346CA4
:1084F000756C029003910023001BA941326B8B42E3
:10850000D2D18242D0D9F1780229CDD102980399F3
:1085100012184B41514670780091390006F05EFA0E
:10852000C2E77479012CC2D1350080226835002160
:1085300092002800FCF752FF184B194A0094F2529F
:10854000184B194AB36693239B00F2509422B369E7
:108550009200B354154A190AB154154A190CB15472
:10856000144A1B0EB35473690132B354124A190AE8
:10857000B154124A190CB154114A1B0EB3540122C2
:10858000B06BF16B002312184B4129003266736601
:10859000707806F023FA0023737188E76602000002
:1085A00055AAFFFF525261417272416151020000AF
:1085B0005202000053020000550200005602000063
:1085C0005702000070B51E00002315000371012240
:1085D0005242D31704000266436682B06B1C3ED041
:1085E0000123210060782A0000936831330006F0EF
:1085F000BBF9002815D1256666664F4BE55CE3188C
:1086000058784E4B000205439D422BD06823E35C13
:10861000022219009143E9290BD0E82B09D003204D
:1086200005E001225242D31704202266636602B09D
:1086300070BD7323E25C230073335B781B0213432A
:108640007522A15C5A1E1342E9D180229200934206
:1086500035D03B4BE818431E98410230E7E7731CC6
:10866000BED1CAE720000B223649683007F006FB6E
:1086700000280AD06823E35C022219009143E9290B
:1086800005D0E82B03D00220D1E70120CFE720005E
:1086900008222D49BA3007F0F1FA00284AD0732396
:1086A000E25C230073335B781B0213437522A15CE9
:1086B0005A1E1342E7D1802292009342E3D100294F
:1086C000C7D04B1E1942C4D17623E15C2300763318
:1086D0005B781B020B43BCD07823E35C013B012B8E
:1086E000B7D87923E25C230079335B781B0213430C
:1086F000AFD07B23E25C23007B335B781B02134308
:108700007F2B10D82100882388314A78E35C12023D
:108710001A438B781B041A43CB781B061343802221
:108720005202934295D37E23E25CE41863781B02E5
:1087300013438ED000207AE76602000055AA00009D
:10874000AB55FFFFD01A0110DC1A0110F0B55746E7
:10875000DE464E4645460023E0B5076889B00B600B
:10876000002F00D17CE1009C019D3E0002E03A2BED
:1087700000D166E1337801361F2BF8D8BA4B00944C
:1087800001951B78B9489B001E58002E00D1C9E105
:1087900001239A439846337817000E60002B10D0BF
:1087A000707806F0BFF8434603420AD1002F00D18B
:1087B0003FE103331F000740034200D139E10A279C
:1087C00037E100237078337006F0B8F8C30700D59E
:1087D00048E1002F01D04307F1D4002200233000EC
:1087E000FFF7F0FE022800D14EE1042800D197E106
:1087F000012800D91CE1336E746E009301940128A6
:1088000000D109E17323F15C3300802273335B787C
:1088100092001B020B43934200D009E17E23F25CDD
:1088200033007E335C782402144300D17CE178234A
:108830003463F35C5A1EF370012A00D9F8E0752204
:10884000B15C8A460A1E718100D1F1E0013A114201
:1088500000D0EDE03100792279314D78B25C2D0203
:10886000154335812A0700D0E2E07B22B15C32005B
:108870007B32527812020A430CD1300088304178A2
:108880008832B25C09021143827812041143C27823
:1088900012060A437621705C31007631497809026C
:1088A0000143884600D1C3E063439B462F094744F8
:1088B0005F44BA4200D2BBE0D31B18005146994630
:1088C000FBF7EAFE0300D14500D2B1E0684A9042CE
:1088D00000D9ADE0674A904200D973E3664A9042FE
:1088E00001D900F0A6FC0098019902339C4642464B
:1088F000F3620023B063F16312184B41380000218A
:108900000292039332647364009A019B8018594168
:1089100030657165002D00D18AE0029A039B002129
:10892000584612184B41B264F36463460122614613
:108930005B0063440A405B089B1801224F498C4648
:1089400063445B0A9C4273D301235B42B36173614E
:108950008133737132704A4A138801339BB213809A
:108960000022F380474BF26119688E4201D100F07A
:1089700022FC1A69964201D100F019FC1A6A96424B
:1089800001D100F027FC1A6B964201D100F01EFCC9
:108990001A6C964201D100F015FC1A6D964201D175
:1089A00000F00CFC1A6E964201D100F033FC1A6FF5
:1089B000964201D100F02AFC802299588E4201D1C2
:1089C00000F020FC902299588E4201D100F016FC54
:1089D000A02299588E4201D100F00CFCB022995887
:1089E0008E4201D100F002FCC02299588E4201D182
:1089F00000F0F8FBD02299588E4201D100F0EEFB36
:108A0000E02299588E4200D1CEE3F02299588E424E
:108A100000D197E000270CE0330031007333A83118
:108A200003E001338B4200D190E01A78002AF8D09D
:108A30000D27380009B0F0BCBB46B246A946A04697
:108A4000F0BD3B7800940195303BDCB2092C07D88F
:108A5000BC1C0B27A642ECD1012BEADC066091E698
:108A60000B27E6E70327E4E78C38002044270020A3
:108A7000F5FFFF0FF5FF0000F50F0000FF010000FC
:108A8000883800204C270020C24BF35CEE2B00D12D
:108A900041E1C14BF018F15C437882781B02194325
:108AA000C37812040A431B061A43BC4BF018F75C48
:108AB000437881781B023B43C77809040B433F0688
:108AC0001F43B74BF018F55C437881781B022B43AA
:108AD000C57809040B432D061D43B24BF018F45C16
:108AE000437881781B022343C47809040B4324068E
:108AF0001C43002A00D0A8E1002F00D0ADE1002DDA
:108B000000D0B3E1002C00D192E722000023300016
:108B1000FFF758FD012800D86DE6042800D087E74C
:108B2000012786E70C2784E731008C238C31F25C27
:108B30004B78CC781B021A438B7824061B041A430B
:108B4000144374E600210027995072E7D023F15CAA
:108B500033008022D0335B7852001B020B439342D8
:108B600000D065E7D423F35C092B00D060E7330025
:108B7000B0335A781978120211439A7812040A43D2
:108B8000D978090611435A790C0019791202114358
:108B90009A79DB7912040A431B06310013431D0046
:108BA000BC23BC314A78F35C12021A438B781B0455
:108BB0001A43CB781B0613433363D623F35CF3705D
:108BC000012B00D034E7D522B25C934099469BB28A
:108BD0007381002B00D12BE7C423F25C4B7A1B027C
:108BE0001A438B7A1B041343CA7A12061A436E4B3C
:108BF00090469A4200D91BE713000233F362009AB1
:108C0000019BB263F3633200C023C032D078517845
:108C100000060700F35C09020B439178090419432D
:108C20000F433A00009801990023801859413200FF
:108C300030657165B8325778B833F35C3F023B4317
:108C40009778029003913F041F43D3781B061900C5
:108C500039430A0000980199002312184B413264ED
:108C600073644B4641461F043F0C794300230A00BE
:108C70000298039912184B410098019924184D410C
:108C8000AB4200D9D4E600D1C8E23100C823C831D4
:108C90004A78F35C12021A438B7800251B041A43AE
:108CA000CB78A8461B061343B36400230024350089
:108CB000F36421E000230021FCF710FB2A6D6B6DAB
:108CC00012184B414646002792197B41296E91426A
:108CD00000D16DE12800FFF7D5F8002800D01FE78C
:108CE00001239C46E0442B1968331B78812B00D16B
:108CF00009E22034E405E40D002CF4D168894045F4
:108D000000D895E6AB6C9A1EEB6A023B9A42D1D32F
:108D100000220023D6E7336E012B00D14DE1012262
:108D200000233000FFF7AEF8002800D0F8E66823F3
:108D30009B46B3440C2258461C4906F09FFF00286E
:108D400000D075E675227423B25CF35C12021A43FC
:108D50007623F35C1B041A437723F35C1B0613434F
:108D60001900D2225C395200914200D960E6B53A2E
:108D7000FF3A9046984478230121994617000C4AFF
:108D80004942B14440469446B0460D004E46773BBA
:108D900049E0C0462A0200002E0200003E02000008
:108DA0004E0200005E020000FDFFFF7FFC1A011072
:108DB0002083B8ED6D085108194069404D080B42F9
:108DC00001D061464D409108194069404D080B4261
:108DD00001D061464D40D108194069404D080B4211
:108DE00001D061464D401109194069404D080B42C0
:108DF00001D061464D405109194069404D080B4270
:108E000001D061464D409109194069400B4216D18D
:108E10004908D2094A405508134201D062465540DC
:108E20000137B8422BD0032F0DD9F25D1900114044
:108E30004D402B42BED061466D084D40BBE76446B5
:108E400049086140E5E70022F0E700233000FFF722
:108E5000B9FB012800D94FE6CDE43A0000233000E9
:108E6000FFF7B0FB012800D949E6C4E42A0000233B
:108E70003000FFF7A7FB012800D943E6BBE44646D4
:108E800079227823B25CF35C12021A437A23F35CF2
:108E9000E9431B041A437B23F35C1B0613439942EB
:108EA00000D0C5E54146BC23BC314A78F35C1202D0
:108EB0001A438B781B041A43CB781B061343802B71
:108EC00000D0B5E542463833B832F05C53781B0227
:108ED0000343907800040343D078000618438028A9
:108EE00000D9A5E54346B0335A78197812021143E8
:108EF0009A7812040A43D978090611435A790291E3
:108F00001979120211439A79DB7912040A431B067C
:108F100013430393002800D18AE5C3019946002337
:108F20009846DB4B9A464346B0461E0014E0404646
:108F3000FEF7A8FF002800D0F2E5C0277F003740E9
:108F40005F4410225146380006F098FE002812D0E7
:108F50008036B14500D16BE5029A039B002541465E
:108F6000740A12196B41096E9142E0D14146496E73
:108F70009942DCD1E1E720377B7839781B02BA7857
:108F80001943FB7812040A431B0679791A433B798B
:108F9000B87909021943FB79000401431B064046D6
:108FA0000B43FFF70FFB0128D2D84646FFF723FCFF
:108FB000696E994200D08DE692E6736E002B00D068
:108FC000ADE6B4E60233F3629C460098019943464D
:108FD00002930023020003930B00B063F16304903B
:108FE00005910298039912184B410498059932642F
:108FF00073643A00002312184B4132657365922363
:10900000F25C330092335B781B0213431D4300D0A4
:109010000EE53000942394304278F35C12021A4338
:1090200083781B041A43C3781B061343B364039B62
:10903000984AF364634694469B0063445B0A9C42EF
:1090400000D2F5E401235B42B36173618133737134
:109050001833F25C330098335B781B021343012B07
:1090600001D0032276E401220098019900238018A0
:10907000594102000B003000FEF704FF0028F0D138
:10908000854B7071F25CF3185B781B021343834AC3
:109090009342E6D169226823B25CF35C12021A4360
:1090A0006A23F35C1B041A436B23F35C1B06134314
:1090B0007B4A9342D5D1932293239200B1184A78E8
:1090C0009B00F35C12021A438B781B041A43CB7883
:1090D0001B061343734A9342C3D1942294239200F4
:1090E000B1184A789B00F35C12021A438B781B0478
:1090F0001A43CB781B06134395229200B258B361F2
:109100007261032226E42E0068352C19637D227DCE
:109110001B021A43A37DE47D1B04134324061C4356
:10912000012C00D884E4F36AA34200D880E470895B
:10913000A11E414300230A00306D716D12184B418E
:10914000B265F36533007F272600A9461C001AE0AC
:109150002000FEF797FE002800D0E1E43B004A46DD
:1091600033409B00995C4B445A78120211439A7821
:10917000DB7812040A431B0613435A1C53D00136F2
:109180009E4200D054E4206C616CF30904930023E8
:109190000593049A059B12184B41216E9142D7D139
:1091A000616E9942D4D1D9E7002199502DE4002273
:1091B0001A61FFF7E3FB1A60FFF7DBFB00221A6579
:1091C000FFF7F0FB00221A64FFF7E7FB00221A63A7
:1091D000FFF7DEFB00221A62FFF7D5FB0021995052
:1091E000FFF70EFC00219950FFF704FC0021995075
:1091F000FFF7FAFB00219950FFF7F0FB002199508F
:10920000FFF7E6FB00219950FFF7DCFB00221A670D
:10921000FFF7D2FB00221A66FFF7C9FBA24200D873
:1092200033E5FFF705FC26000422A3616361FFF725
:1092300091FB02339C4600980199F36243460093E8
:1092400000230193009A019B02900391B063F163A4
:109250008018594104900591306471641900029A94
:10926000039B38008018594130657165002D01D18C
:10927000FFF7DEFB049A059B584601998018594177
:1092800063460222B064F1645B00FFF757FBC046FF
:10929000A81B0110FF0100006602000055AA000093
:1092A0005252614172724161F0B545464E46DE460A
:1092B0005746E0B50568866B2B692A6E9846C36BE6
:1092C00089B0039304006B6E964250D0297900292F
:1092D0001CD168239946A944012368783200009381
:1092E0004946039B05F040FB002800D16EE00122B7
:1092F0005242D3172A666B6601239B46584609B033
:10930000F0BCBB46B246A946A046F0BD68218946DE
:109310006739A94468788A460091494605F05EFBA2
:1093200001239B460028E9D12A6E6B6E296B0692B9
:1093300007930491002128710591286C696C121A19
:109340008B41049805999942C6D19042C4D9EB78D3
:10935000022BC1D104980599069A079B12184B411C
:10936000514668780091494605F038FBB4E7039907
:109370009942ABD1216C0B78852B24D12022404619
:10938000FCF732F843465D78802301356D012A00F1
:10939000603A9B009A4216D82000FFF719F88346DE
:1093A000042810D00028A9D12068A26B016EE36BBD
:1093B000914248D0FEF766FD834600289ED1216C7D
:1093C0000B78C02B06D002239B4697E7039B2E66A3
:1093D0006B66CFE7404620222030FCF705F82323B8
:1093E0004246D05C0F212C30FBF756F94001A842D1
:1093F000E9D898274026BF000CE0FEF743FD00287F
:1094000054D1216C0B78C12BDDD1BE4215D320364F
:10941000B5421CD92000FEF7DBFF83460428D2D0DA
:10942000002800D06AE72068A26B016EE36B9142CE
:10943000E3D1416E9942E0D1E3E7434620229819F7
:10944000FBF7D2FFE3E7416E9942B3D1B7E7982328
:109450009B009E4200D951E74346002259780023E1
:1094600001314901022A0ED1424612795808DB0324
:10947000D3181B189AB243465B795008D2039B1845
:1094800006221B189BB24046805C5C08DB03C318B5
:109490001B1901329BB29142E4D842469178D278AE
:1094A00012020A43934200D128E78CE7834625E75E
:1094B000F0B545464E46DE4657460368E0B5846B38
:1094C000C56B9946230080468BB02B435CD0FF23AD
:1094D00008930393FE3B9B4667334B449A464F46A3
:1094E00006003A6E7B6EA24250D03979002952D1E3
:1094F0005B4678782200009351462B0005F034FA41
:10950000002812D001225242D317B04601203A66F9
:109510007B660022002341468A63CB630BB0F0BC1C
:10952000BB46B246A946A046F0BD3C667D66336C9C
:109530001A78002A27D03978042962D03F21D87AB6
:109540000140B171E52A07D02E2A05D020200C0059
:109550008443082C00D0A7E0FF23326B03933368C9
:109560009946202398464B461B789044043B5A4228
:109570005341FE225B42120513408022920394461F
:109580006344984512D3B0460420C2E7AB42CED024
:1095900039790029ACD0594678780091514605F0C8
:1095A0001DFA002858D0B0460120B2E7B46BF56B25
:1095B00023002B43E7D04346DB05DA0D002B19D1FE
:1095C00001220023A4185D41716BB463F563002987
:1095D0001CD14A46434612895B099342D3D2434683
:1095E00033634B466833336423002B4300D078E762
:1095F000002093E7434633634B4668339B1833643C
:109600006FE7852A00D15DE1326BA8E74B46424601
:109610005B89520A013B1A42E1D13000FEF7D6FDC8
:10962000012800D84BE1431CBDD04B46DB6A984271
:10963000A9D2821E023B70639A424ED24B46002151
:1096400058890023FBF74AFE4B461C6D5D6D2418BC
:109650004D41B463F563C2E73B6B396E7A6E049398
:10966000002306910792059313000A003871386CA5
:10967000796C121A8B410021994200D038E7049985
:10968000914200D834E7FB78022B00D030E70698EF
:109690000799049A059B12184B4159467878009116
:1096A000514605F09BF923E70F2900D088E13131BD
:1096B00011420BD08A43587B0392326B089032657B
:1096C000597B814217D0FF23039348E703998A42CD
:1096D00000D041E7326B0898F2E7330046469846DF
:1096E0004F46414600220023683700208A63CB633F
:1096F0000E630F6412E7D97E987E09020143E2D11E
:10970000402019785C788143481E4100091889007F
:109710000918987800022043FF29D4D8FD684C002E
:109720002853A446DC780695A04645461C792402B9
:109730002C43002800D1D4E0481CFF29C3D0069D4B
:1097400040002C525D790990A8469D792D02A946CA
:10975000454648460543A946002C00D1CAE0FE29EB
:10976000B1D0069C0998A04640444580DC79A046CB
:1097700045461C7A240225434C46A846002C00D1BD
:10978000C1E0FD299FD085805C7AA1464D469C7A38
:1097900024022C4345460994002D00D1BCE0FC294D
:1097A00091D0C4809D7BA946DD7B2D02A8464D4605
:1097B00044462543099CA846002C00D1B6E0FB296D
:1097C00081D005811C7CA1464D465C7C24022C4343
:1097D00045460994002D00D1B1E0FA2900D172E785
:1097E00044819D7CA946DD7C2D02A8464D46444619
:1097F0002543099CA846002C00D1AAE0F92900D1F4
:1098000061E785811C7DA1464D465C7D24022C4389
:1098100045460994002D00D1A4E0F82900D152E773
:10982000C4819D7DA946DD7D2D02A8464D46444656
:109830002543099CA846002C00D19DE0F72900D1C2
:1098400041E705821C7EA1464D465C7E24022C43E6
:1098500045460994002D00D197E0F62900D132E762
:1098600044821D7FA9465D7F2D02A8464D46444691
:109870002543099CA846002C00D190E0F52900D191
:1098800021E785829C7FA1464D46DC7F24022C4344
:109890004546002D00D18AE0F42900D113E7C482A7
:1098A0001B785B0600D486E0002C00D183E0F3290E
:1098B00000D108E70023069D65446B837BE0B0463A
:1098C000022026E6326B30003265B046FFF7ECFC32
:1098D000002800D01DE63B691A793F231340B3717D
:1098E0001CE661498C4200D0EDE69979587909026D
:1098F000014389465C49894500D0E4E6197AD87964
:109900000902014388465849884500D0DBE69C7A25
:10991000597A24020C43099453490998884200D08B
:10992000D1E6D97B987B0902014388464E49884598
:1099300000D0C8E65C7C197C24020C4309944A4997
:109940000998884200D0BEE6D97C987C0902014380
:1099500088464549884500D0B5E65C7D197D2402DE
:109960000C43099440490998884200D0ABE6D97D60
:10997000987D0902014388463B49884500D0A2E60C
:109980005C7E197E24020C43099437490998884269
:1099900000D098E6597F187F090201438846324972
:1099A000884500D08FE6DC7F997F24020C432E4B44
:1099B0009C4200D087E6039B013BDBB20393CEE5DC
:1099C000039AB046002A48D119784A08C9010A43C7
:1099D00059785218D1B24908D20111439A78C9B2C4
:1099E0008918CAB25208C9010A43D978D2B25218AA
:1099F000D1B24908D20111431A79C9B28918CAB241
:109A00005208C9010A435979D2B25218D1B2490851
:109A1000D20111439A79C9B28918CAB25208C90150
:109A20000A43D979D2B25218D1B24908D2011143AE
:109A30001A7AC9B28918CAB25208C9010A43597AB6
:109A4000D2B25218D1B29B7A4908D2010A43D31834
:109A5000089ADBB2934200D1CAE5012342465B4239
:109A6000002013655AE5C046FFFF0000F0B55746D9
:109A70004E464546DE46E0B506680F0032780500E2
:109A8000131F59424B41FE215B4209050B408021C7
:109A900089038C4663448FB0BB424BD9FB0649D146
:109AA000836807639A46002B4CD073895B029B4600
:109AB0009F4200D281E15346012B3BD05B463400EC
:109AC000B146FF1A564632E02378032B00D1A8E0B6
:109AD0005CD8012B00D1CEE0022B2BD1206C616C25
:109AE000330A029300230393029A039B12184B41FB
:109AF000216E914200D123E12000FEF7C3F9002836
:109B00005CD1FF2376005B001E40A41968346678A0
:109B1000237836021E43012E0CD94B46DB6AB34232
:109B200008D9BB4500D9F8E02C685B46FF1AE36A08
:109B30009E42C9D302200FB0F0BCBB46B246A94634
:109B4000A046F0BD022A1AD832897B099342F1D28D
:109B5000B06CF16CA863E96353466B6303000B437D
:109B6000E8D000237A0A801859413300A863E963DA
:109B7000F9056833C90D591800202964DBE75246FE
:109B8000B36CC271002BDFD09A468EE7042BD1D183
:109B90002A696B691100194312D0A96800290FD0F6
:109BA000711A8846E979022900D1D8E003290AD13F
:109BB000AB69984507D20136731CACD10120BAE7D6
:109BC000EB79002BB6D1EB69002B00D0DBE0206CE9
:109BD000616CF3090C9300230D930C9A0D9B1218E2
:109BE0004B41216E914200D1E2E02000FEF74AF99C
:109BF0000028E3D1FE23B6005B001E40953BA4196C
:109C0000FF3BE65C0133E25C0133E35C120232436A
:109C10001B041A436B23E65C36061643760076086F
:109C200079E7F30904930023206C616C0593049A8F
:109C3000059B12184B41216E914200D185E0200016
:109C4000FEF720F90028B9D1FE23B6005B001E40C4
:109C5000953BA419FF3BE65C0133E25C0133E35C16
:109C6000120232431B041A436B23E65C360616438A
:109C7000360136094FE773089846206C616CB04492
:109C800043465B0A009300230193009A019B12183C
:109C90004B4106920793236E9C46636E0B93069B83
:109CA000634557D0069A079B2000FEF7EBF8002883
:109CB00000D083E7206C616C236E9C46636E0B932F
:109CC000012343449A464346DB05DB0DE318683322
:109CD0001B78984653465B0A089300230993089A19
:109CE000099B12184B41624557D02000FEF7CAF875
:109CF000002800D062E753464246DB05DB0DE4183E
:109D0000683423781B021343012232401E09002AC3
:109D100000D000E71B051E0DFDE6B2464E4652463A
:109D2000023B023A9A423CD2002370890021FBF7A1
:109D3000D5FA336D746DC0186141A863E9630BE710
:109D4000616E994200D0D7E6DBE6616E994200D0A1
:109D500075E779E70B9B079A9A42A3D1B0E70120F8
:109D60004042C11712184B41D905500A0843628975
:109D7000590A0023FAF7CEFC804500D9DAE601360D
:109D8000804500D018E74B46DB6A002B00DBD1E6AC
:109D9000BB4514D82C680C4EC7E60B998B42A4D156
:109DA000A9E700230022AA63EB6353466B63C1E675
:109DB000616E994200D018E71CE7F36AAFE7024BE7
:109DC0004E469A46014AAFE7FFFFFF7FFDFFFF7F48
:109DD000F0B557464546DE464E460368E0B50022DC
:109DE0001F69050000237C7883B0611C4901022AA9
:109DF0000CD13A795808DB03D3181B189AB27B7937
:109E00005008D2039B1806221B189BB2B85C5E0850
:109E1000DB03C3189B1901329BB29142E7D8BB7098
:109E20001B0AFB702800296DFFF720FE83460028DF
:109E300000D09CE0AA6BEB6B012128688A46016E7A
:109E4000A0460097914253D0FEF71CF8002856D147
:109E500020220099286CFBF7C7FA53462C6823711F
:109E60004346002B15D023782E6B043B5A425341B6
:109E7000FE225B4212051340802292039446203654
:109E800063449E420DD300230022AA63EB630223A6
:109E90009B46584603B0F0BCBB46B246A946A04616
:109EA000F0BDAA6BEB6B110019435DD0F105C80D35
:109EB000814600290DD10021012012184B41696B08
:109EC000AA63EB63019100291FD1208971098142A6
:109ED000D9D22000009968342031009101214942F3
:109EE0008C46016E4C442E632C64E0449142ABD10D
:109EF000416E9942ACD0FDF7C5FF0028A8D0031CE5
:109F0000022827D8DBB29B46C3E76089710A013873
:109F10008446674620003942DCD128000199FEF7CB
:109F200055F9012820D9431C18D0E36A9842AAD2D7
:109F3000821E023B68639A4213D20023002160898B
:109F4000FBF7CCF9226D636D12184B41AA63EB63EA
:109F50002868BFE70223DBB29B469AE701239B46B2
:109F600097E700220023F1E702239B4691E70228AE
:109F700000D90220C3B29B468BE7C046F0B5DE464F
:109F800057464E464546E0B5002185B004000768B7
:109F9000FFF76CFD834600283FD13B78042B00D1AE
:109FA00050E1FF21012389468A46396E5B422365D1
:109FB000A26BE36B914257D03800FDF763FF002896
:109FC0005AD1256C2E78002E25D03F23EA7A1340F3
:109FD000A371E52E04D0120750D50F2B00D184E0D9
:109FE00001235B4223650133FF339A462568266BC4
:109FF0002B782036043B5A425341FE225B42120525
:10A00000134080229203944663449E420DD3002263
:10A010000023A263E36304239B46584605B0F0BCCB
:10A02000BB46B246A946A046F0BDA26BE36B110049
:10A030001943F0D0F105C80D804600290DD100214B
:10A04000012012184B41616BA263E3630091002968
:10A0500027D1288971098142D9D26835396E4544A2
:10A06000266325649142A7D1796E9942A9D0380020
:10A07000FDF708FF0028A4D08346CEE70F2B34D08D
:10A080005346002B00D188E04F23E35CDB07A7D4C5
:10A0900021000B222800443105F0F0FD00289FD15B
:10A0A000BBE76889411E700A0842D6D1200000999A
:10A0B000FEF78CF8012800D8BEE0431C00D1BEE0BA
:10A0C000EB6A9842A3D2821E023B60639A4200D39D
:10A0D00011E1002300216889FBF700F92A6D6B6DFF
:10A0E00012184B41A263E363B7E74F224023A25CFF
:10A0F000134200D07AE7334200D197E06A7B9E4357
:10A100009146236B2365FF226B7B92464B4500D023
:10A110006CE7EB7EAA7E1B02134300D066E7FB6868
:10A120002A7800933F231340013B5A00D218920033
:10A13000D3187E4A029792464A4657460121A246C4
:10A1400001922C0003961D0015E0FF2D1ED8300053
:10A15000FDF7A4F86B1C9946009B6D008046E85AF9
:10A16000FDF79CF8804511D131004D46704B013709
:10A170009F4200D1C2E03B78E25CE3185E78360291
:10A1800016430029E1D16B4B9E42EFD0019B544610
:10A190009946FF23029F9A4628E72A785308D2015E
:10A1A00013436A789B18DAB25208DB011A43AB7882
:10A1B000D2B2D218D3B25B08D2011343EA78DBB231
:10A1C0009B18DAB25208DB011A432B79D2B2D218AB
:10A1D000D3B25B08D20113436A79DBB29B18DAB2BF
:10A1E0005208DB011A43AB79D2B2D218D3B25B0862
:10A1F000D2011343EA79DBB29B18DAB25208DB01D1
:10A200001A432B7AD2B2D218D3B25B08D2011343CD
:10A210006A7ADBB29B18DAB25208DB011343AA7ADE
:10A220009B18DBB2994500D02EE7F6E6B24500D187
:10A2300069E7FF239A46D9E602239B46EDE6012310
:10A240009B46EAE6FB6818889D1C002300286AD01C
:10A25000A046FF262C001D00FDF720F8EB0382B27C
:10A260006D08304028181B189BB2DD03120A5B08EA
:10A270009B180234ED18A31E1888ADB20028EBD14C
:10A2800044460095A1464846FFF712F9002800D041
:10A29000F2E624223B69995C01329A5C12020A437D
:10A2A00000998A42EFD123229C5C0026002C1DD00D
:10A2B000043A4025904600E03B6942462A4200D1DC
:10A2C00002355A5D5B19587800021043FCF7E6FF2F
:10A2D000FA6873008246985AFCF7E0FF8245D2D1B3
:10A2E0000136F3B202359C42E6D17600FB689B5BF7
:10A2F000002BC8D191E600220023F3E62A002500B6
:10A30000019B544699462B78029F039E5B0606D517
:10A31000002904D05300009A9B5A002B89D1013E9A
:10A32000F3B29A4662E60093ACE7C046B81B011050
:10A33000C51B0110FFFF0000F0B55746DE464E4634
:10A340004546E0B50F0001683B789DB08246049118
:10A350002F2B49D05C2B47D00023CA690978826033
:10A36000C361042949D1002A47D0049C5646216A7A
:10A37000626A009101922100206A626A089006A830
:10A38000C271FF20009C019D346275620C00896AD5
:10A390008243B16206A806940A920B930D931A9118
:10A3A000FFF764FB002800D0C3E006A8FEF77CFF9F
:10A3B000021E00D0BDE039203821049B1B69185CC7
:10A3C000595C000208433A21595C090408433B21C7
:10A3D000595C726109060143316121329A5C0223A2
:10A3E0001340F37109E001373B782F2BFBD05C2B36
:10A3F000F9D0002352469360D3613B781F2B00D8DD
:10A40000D1E1BB4A914652461F2112688B4620314A
:10A41000D6688846002219E0070014009DB21F2D5F
:10A420006FD92F2D00D18CE05C2D00D189E07F2DDC
:10A4300006D819044846090C05F0ACFC002877D171
:10A44000FE2C75D8621C6400A5533B7859B2781C69
:10A450000029E1DA190058468143C02900D18EE075
:10A4600019000F208143E02900D19BE0072118004B
:10A470008843F0285CD10B40ED38797845460C00D4
:10A48000AC43802C54D144469B0121401943FB1C12
:10A490009C46BB781D00A543802D49D144468901C7
:10A4A00023400B43022800D186E1F878454601009D
:10A4B0003C1DA94380293BD127009B012840034331
:10A4C00019008C488039814232D880208A490001A5
:10A4D000591881422CD38021140049028B429DD30C
:10A4E00086498748591889019B0501409B0D0B43FC
:10A4F000844952000B43190C9DB2013491531F2D16
:10A500008FD804230093012C29D133882E2B00D11E
:10A51000CDE17D4BE3185B00F3181A88202A01D0A7
:10A520002E2A43D1013C023B002CF6D1002333807C
:10A5300006201DB0F0BCBB46B246A946A046F0BD01
:10A5400001373B782F2BFBD05C2BF9D01F22002545
:10A5500000219A424D41AB000093012CD5D0022C32
:10A5600000D01CE173882E2BD3D133882E2BD0D171
:10A5700000235146654AB3804433CA529DE10340EB
:10A58000787845460400B91CAC43802CD0D12840D3
:10A590009B0103431800574C8038A042C8D80F00D5
:10A5A00014003BE7D1390B400D3866E70022630009
:10A5B000F25230889C46B11C202800D0E8E00D0003
:10A5C00028881300023101322028F8D00233059385
:10A5D0000322009B1343DBB200936346023BF31854
:10A5E0001A882E2A03D0013C023B002CF8D1504699
:10A5F0000B2220214430FAF7F1FE2B889B46002BDA
:10A600005CD000230393083398460023029343460B
:10A61000B0461E005D46BB462700059C202D00D19C
:10A620009BE02E2D00D1A6E0029BB3421CD2A74294
:10A6300000D1A2E07F2D00D9FBE02900344805F0CD
:10A64000A9FB002800D14AE1009B059303235F2565
:10A65000059A1A43D3B20093029B5A1C53444433C5
:10A660001D70029223007EE00B2E00D1F8E0A7427D
:10A6700000D184E00323009A1A43D3B20093A74287
:10A6800000D37CE044235246D25CB0465F46E52AC4
:10A6900002D15146E03ACA544346082B00D18DE01E
:10A6A0000C23039A13400C2B03D0D3439B0700D0F9
:10A6B00091E00223009D1D43EBB200934F235246CD
:10A6C0000099D1545046FFF759FC4F2253469B5CEA
:10A6D00000281FD0042800D02BE7990600D40AE1F7
:10A6E000184238D08023514600208B5421E7C046C1
:10A6F000E81A01107FFF10000028FFFF0000FFFF95
:10A700000000FF0300DC00D8FFFFFF7F2E2E0000BB
:10A71000F41A01105B0700D50BE753469B79DB0663
:10A7200000D4EBE0049B18785346042869D01B6BD7
:10A73000DA05049BD20D68339B18DA7E9C7E1202E8
:10A740002243032805D1197D5B7D1B020B431B04AB
:10A750001A4353469A603B7855E60323009A1A43FE
:10A76000D3B20093230042465C1C5B009D5A002D2F
:10A7700000D053E786E7A742EFD10B2E70D0082216
:10A78000039B0B269B00DBB2039302923B00EAE79C
:10A790000123350005932E2800D01EE718E7002C72
:10A7A00000D0B6E6C2E651464F2380225046CA5436
:10A7B0000021FFF75BF9BCE6674681E6039B9B003F
:10A7C000DAB203920C2213400C2B00D171E7009BEC
:10A7D0009B070CD572E7009B9B0700D56EE7130023
:10A7E000DB0704D51023009D1D43EBB20093039BB0
:10A7F0005B0700D462E70823009D1D43EBB2009382
:10A800005CE79A6851461A625246FF2312699A43DE
:10A8100013005246D2791343524653625346126D87
:10A820009A62049B1B6918000093FDF775FA3B7848
:10A83000E9E50223B621009A28001343DBB2FF3179
:10A840000593FCF7F5FC0500030619D57F231D4091
:10A85000324B5D5D002D00D1F8E6059B0093ECE6E0
:10A860000323009D52461D43EBB200934423D25C68
:10A870005F46E52A00D013E75146E03ACA540FE795
:10A88000FF28E7D9029A731E934208D9531C5244F9
:10A890004432010A1170059AC5B20092DDE6032325
:10A8A000009A02961A43D3B2009323005BE7002379
:10A8B00051461B4A73804433CA5251464622194BB3
:10A8C00020258B52184A8A644C228B524E232C3AF4
:10A8D000CA54009B2B431D004F23CD54F2E62B009E
:10A8E000413B9BB2192B0BD80223039AEDB21A43BA
:10A8F0000392029BB1E6184200D01AE6052018E642
:10A900002B00613B9BB2192B04D80123039A203DF5
:10A910001A430392029BEDB29FE6C046281B01102A
:10A920002E2000002020000020202020F0B55746D7
:10A930004E46DE464546E0B58246894607688FB0FA
:10A94000002900D095E07B699B46002B5BD1012359
:10A950009B46BB69002B5CD03B78042B00D135E1D2
:10A96000CB4500D115E1FE6A682398464B465C460C
:10A97000B1463E0057469A4601344C454BD35B46A0
:10A98000012B46D902243D68EB6AA34246D92B78B5
:10A99000032B00D1C7E04AD8012B00D175E0022B70
:10A9A0003CD1286C696C230A029300230393029A1A
:10A9B000039B12184B41296E914200D1B7E1280048
:10A9C000FDF760FA00281BD1FF22630052001340FC
:10A9D000ED1868356B782A781B02134300D0CFE05E
:10A9E000D1463700F66AA64218D901222100380064
:10A9F0005242FDF70FFB002800D1DFE101280DD105
:10AA0000012464420BE0FB6A5B45A0D9BB69002BC3
:10AA1000A2D1002403E03D68012CB5D80124200018
:10AA20000FB0F0BCBB46B246A946A046F0BD042B11
:10AA3000F4D13A697B691100194300D139E1B96851
:10AA4000002900D135E1611A0691F979022900D176
:10AA50009EE1032900D030E1069BBA69934200D3FE
:10AA60002BE1631C002B00D1F9E1013300D08AE017
:10AA7000C6E7FDF7ABFB04000128CFD9431CBFD0CC
:10AA8000FB6A8342CBD8CB4663E763089946286CC0
:10AA9000696CA1444B465B0A009300230193009A22
:10AAA000019B12184B41069207932B6E9C466B6ECE
:10AAB0000B93069B634500D133E1069A079B280060
:10AAC000FDF7E0F900289BD1286C696C2B6E9C4641
:10AAD0006B6E0B934B465A1CDB05DB0DEB18683392
:10AAE0001B7806929946530A089300230993089A03
:10AAF000099B12184B41624500D137E12800FDF750
:10AB0000C1F9002800D07BE7069BDB05DB0DED18C3
:10AB10004B4668352A7812021A431309E1072CD4F0
:10AB200013051B0D29E0E30904930023286C696CCD
:10AB30000593049A059B12184B41296E914200D14E
:10AB4000EAE02800FDF79EF9002800D058E7FE2231
:10AB5000A30052001340ED184346943AFF3AA95C13
:10AB6000EB5C090219436A23EA5C0133EB5C1204D3
:10AB700011431B060B431B011B09002B00D12FE7C0
:10AB8000012B00D14AE7A34500D142E7F36A994679
:10AB9000F2E65B465C1CFB6AA34200D8022421005B
:10ABA0005046FDF713FB012800D137E7431C00D1C5
:10ABB00026E7002800D1DEE07B69FE6A012B00D881
:10ABC000D2E69E4200D8CFE69B46CDE65B46FE6AC3
:10ABD0009D1E023EB5429B411D402C00B86DF96D93
:10ABE000230B069300230793069A079B12184B41E9
:10ABF000396E914200D1C6E03800FDF743F90028D4
:10AC000000D0FDE6FE6A023E0723012223409A405F
:10AC10002105D3B2C90D9C467B1868331878631C94
:10AC200002409E421BD9002A1CD09D4200D1F0E672
:10AC300062465200D2B294460200080061461C00EF
:10AC4000AC461500002900D17FE04A00D2B2904600
:10AC50000A00414601332A409E426DD86546002ACB
:10AC600000D07EE00234033300D9D8E6012301226C
:10AC700021003800FDF75AF9022800D1CEE601285C
:10AC800000D1BDE64B46002B00D0ABE0524602336C
:10AC9000D371002800D0C1E6FB6ABA69023B7C612F
:10ACA0009A4201D8013ABA6101227B7913437B7140
:10ACB000B5E6FB79002B00D0B0E6FB69002B00D095
:10ACC00061E7286C696CE3090C9300230D930C9ADF
:10ACD0000D9B12184B41296E914200D1AEE0280025
:10ACE000FDF7D0F8002800D08AE6FE22A30052002B
:10ACF0001340ED184346943AFF3AA95CEB5C090215
:10AD000019436A23EA5C0133EB5C120411431B060E
:10AD10000B435B005B0830E7696E994200D010E797
:10AD200015E70B9B079A9A4200D0C6E6D2E6696EF9
:10AD3000994200D043E647E6002A93D0634500D10C
:10AD400067E61C00002900D07FE7802201309200D6
:10AD5000904200D195E03A1868321578023101220C
:10AD600078E7002D00D154E6002437E70B998B4299
:10AD700000D0C3E6C8E6002C00D1F4E5012C00D1D8
:10AD80004CE6FE6A2FE6796E994200D034E73BE745
:10AD900001204042C11712184B41D905500A0843FF
:10ADA0006A89590A0023F9F7B5FC069A824200D94C
:10ADB00034E6631C824200D054E6E4E64B46002BA6
:10ADC00000D169E7012B00D128E6FB6A994500D341
:10ADD00024E6220049463800FDF71CF9002800D17E
:10ADE0005AE70BE65346DB79022B3CD04B46013346
:10ADF000A34228D05346DB69002B2DD1524655463D
:10AE00004E460133D361F01A2200411C012B00D0C1
:10AE1000821C012900D801E62868C36A994200D340
:10AE2000FCE5FDF7F7F8002800D0E7E5EB69013B0A
:10AE3000EB61002BE7D10133EB612DE7696E99429D
:10AE400000D04CE751E75346DA690223002A00D0CC
:10AE5000531C5246D3611CE755464E46D3E7370094
:10AE60004E46D146BFE55B460133A34200D110E711
:10AE700053465A469B68D31A524693610323D371B3
:10AE8000B4E76546AAE6C046F0B5DE4645465746F5
:10AE90004E46E0B589B00691002104000568FEF732
:10AEA000E5FD834600280AD0042800D105E1584674
:10AEB00009B0F0BCBB46B246A946A046F0BDE36B64
:10AEC0000021984689464746A66B2A6E6B6E07900E
:10AED000B24217D02979002976D168239846A84430
:10AEE000012368783200009341463B0003F03CFDAB
:10AEF000002866D001225242D3172A666B660123CE
:10AF00009B46D4E7BB42E5D12B78042B4CD0236C75
:10AF10001B78E52B4CD0002B4AD0002399462022E9
:10AF2000236894469846236B63449A4643461B78AD
:10AF3000043B5A425341FE225B42120513408022D9
:10AF40009203944663449A4506D300230022A263E9
:10AF5000E36307239B46AAE7A06BE16B03000B4367
:10AF600000D1AAE05346DB05DA0D9346002B10D141
:10AF70000023012280185941636BA063E163002B19
:10AF800055D14246534612895B099342DDD22E6E5B
:10AF90006F6E53462363434668335B443200236439
:10AFA00006003B000F0093E7236C1B787F2BB4D87F
:10AFB00001239C46069BE1449945B0D1079B9B46E3
:10AFC00075E72E666F669FE7682188466739A84453
:10AFD00068780091414603F001FD00288FD1296E69
:10AFE0006A6E2B6B04910592029300230393130066
:10AFF0000A002871286C696C121A8B410021994251
:10B0000000D06DE70299914200D869E7EB78022BF6
:10B0100000D065E704980599029A039B12184B41EA
:10B02000012168780091414603F0D8FC58E7424678
:10B0300056465289760A013A1642A8D119002000D4
:10B04000FDF7C4F80600012831D9431C00D156E7AA
:10B050004346DB6A984217D32000616BFFF766FC1A
:10B06000061E2AD0012822D0431C00D147E7010048
:10B070004046FCF77DFD002800D040E70422E3793C
:10B080001343E3714346DB6AB21E023B66639A4296
:10B0900010D24346002158890023FAF71FF943468E
:10B0A0001A6D5B6D80185941A063E1636FE702235D
:10B0B0009B46FCE600200021F6E707239B46F6E6C8
:10B0C000F0B5DE4657464E4645464F23E0B5C35CD5
:10B0D0009DB01A0002935F2304009A4300D0E7E278
:10B0E0000368DA6899461388002B01D100F0C9FC87
:10B0F000002301335900515A0029FAD198464B4692
:10B100001E78042E00D1C7E344239C46A444614624
:10B110006346019106AA61CB61C2029BDB0700D4A2
:10B1200064E14F234022E254634606AA03CA03C3E4
:10B1300011880F26198092789A70012342469B4607
:10B14000009230001840020030321909392A00D923
:10B15000073204A8C2710F2B00D836E335000D402A
:10B160002A003032180A392A00D9073204ADAA71F0
:10B170000F2900D8D8E2350005402A003032190BDB
:10B18000392A00D9073204AD6A710F2801D800F0BE
:10B19000D1FC35000D402A003032180C392A00D974
:10B1A000073204AD2A710F2900D842E3350005406B
:10B1B0002A003032190D392A00D9073204ADEA705D
:10B1C0000F2800D83FE330000840020030321B0E49
:10B1D000392A00D9073204A882700F2900D843E326
:10B1E00033401A003032392A01D937331A0004AB00
:10B1F0005A707E2304A90B7044216354393BE254F6
:10B200004239433B581C824604A8405C019D4A1CBD
:10B21000E854072B34D0082A00D158E29F1CBC46C2
:10B2200004AFBA5C5746881CEA55062B28D008287C
:10B2300000D15FE2DF1CBA4604AF385C6746CA1C27
:10B24000E855052B1CD0082A00D15BE21F1DBC4627
:10B2500004AFBA5C5746081DEA55042B10D00828E5
:10B2600000D157E2624604AB1B5CAB546346062A2E
:10B2700006D11A33022901D104ABDB794B22A35446
:10B280002000FEF77BFE002800D0A6E05B460133DD
:10B290009B46642B01D100F045FC4B46D968019BCD
:10B2A00006AA21CA21C31088188092789A705A463B
:10B2B0005B46052A00D844E70A88002A00D140E707
:10B2C0008B1C9A46594601234F001340DF1953083F
:10B2D0009C46009B8021984601206346A446544624
:10B2E0007E4D49027F000340DB1997080B4200D0D6
:10B2F0006B405B000740FF18D3080F4200D06F403F
:10B300007F000340DB1917090B4200D06B405B0044
:10B310000740FF1853090F4200D06F407F000340E1
:10B32000DB1997090B4200D06B405B000740FF1808
:10B33000D3090F4200D06F407F000340DB19170A8A
:10B340000B4200D06B405B000740FF18530A0F42CE
:10B3500000D06F407F000340DB19970A0B4200D0FA
:10B360006B405B000740FF18D30A0F4200D06F40CC
:10B370007F000340DB19170B0B4200D06B405B00D2
:10B380000740FF18530B0F4200D06F407F0003406F
:10B39000DB19970B0B4200D06B405B000740FF1896
:10B3A000D20B0F4200D06F407F00D7190F4200D060
:10B3B0006F402288002A00D184E103007F001340FF
:10B3C000DF19023453080F428CD06F407F000340D6
:10B3D000DB1997080B428CD08AE7009A8246904688
:10B3E000042800D066E14F23029AE254029B9B0797
:10B3F00000D4F3E146460C360D213000F9F74CF944
:10B40000411C07002000FFF73FFD8246002800D0C6
:10B4100050E10C2E00D1E9E17B011900236B2000E3
:10B42000591AFEF723FB8246031E00D042E1443343
:10B43000E25CFF265308D20113434522A25C4D462D
:10B440009B18DAB25208DB011A434623E35CD2B2FE
:10B45000D218D3B25B08D20113434722A25CDBB2FD
:10B460009B18DAB25208DB011A434823E35CD2B2DC
:10B47000D218D3B25B08D20113434922A25CDBB2DB
:10B480009B18DAB25208DB011A434A23E35CD2B2BA
:10B49000D218D3B25B08D20113434B22A25CDBB2B9
:10B4A0009B18DAB25208DB011A434C23E35CD2B298
:10B4B000D218D3B25B08D20113434D22A25CDBB297
:10B4C0009B18DAB25208DB0113434E22A25C0297AA
:10B4D0009B18DBB20393002398462DE02110010056
:10B4E000DE701E715E719E71DE711E725E729E72E2
:10B4F0009E73DE731E745E749E74DE741E755E75BC
:10B500009E75DE751E765E761E775E779E77DE7799
:10B510006146402211438C4662461A700123200086
:10B520002B71FCF755FF002800D0FEE2029B013B87
:10B530000293002B00D10FE3A26B296EE36B9142C3
:10B5400000D1EAE22800FCF79DFC002800D0ECE2E4
:10B55000029F236CFAB29446039AE9685A730F2249
:10B560003000DA724246384001381A739A76DA7639
:10B57000420012189200121850008146085A824662
:10B580005870000A987050460028A9D0C0488245DB
:10B59000A6D0013252008F5ABA46DF703F0A1F719F
:10B5A0005746002F9ED082459CD08A185788BA46AD
:10B5B0005F713F0A9F715746002F95D0824593D007
:10B5C0009788BA46DF713F0A1F725746002F8DD009
:10B5D00082458BD0D788BA465F723F0A9F72574622
:10B5E000002F85D0824500D182E71089824698736A
:10B5F000000AD8735046002800D17BE7A448824552
:10B6000000D177E75789BA461F743F0A5F745746DF
:10B61000002F00D170E7824500D16DE79789BA46C7
:10B620009F743F0ADF745746002F00D166E78245BA
:10B6300000D163E7D789BA461F753F0A5F75574641
:10B64000002F00D15CE7824500D159E7178ABA463E
:10B650009F753F0ADF755746002F00D152E782459C
:10B6600000D14FE7508A070A18765F76002800D18C
:10B670004AE7874FBA46B84200D145E7908A070AA1
:10B6800018775F77002800D140E7504500D13DE7AB
:10B69000D28A100A9A77D877013A7E4892B28242CB
:10B6A00000D935E749444A8B002A00D034E72FE718
:10B6B00006239A4650461DB0F0BCBB46B246A9468A
:10B6C000A046F0BD4346644600933B0039E529009F
:10B6D00020225546981C4A55062B00D1D0E5431C24
:10B6E0000122082B1DD9019B20219C466044F9F7BB
:10B6F00075FEC5E5290020226546D81C4A55052B54
:10B70000EDD1BDE5290020225546181D4A55042BD0
:10B71000E5D1B5E5604620222A540720022B00D04F
:10B72000AEE508231A1ADEE77E2304AA53713A3BDA
:10B73000E35C0522202B00D105E24523E35C202BAE
:10B7400000D103E24623E35C202B00D19DE0032AD5
:10B750001AD04723E35C202B16D0042A32D048238A
:10B76000E35C202B2ED0062A00D083E14923E35C42
:10B77000202B00D182E14A2204AB9B79A35404AB75
:10B78000DB79019AD3717BE503239C4604ADA8467F
:10B790009246614604ABC2449B5C019855464354B3
:10B7A00063466D786044911C02334570062A00D0D0
:10B7B00028E56246D01C20220199CA546346052B15
:10B7C0008DD15DE504239C46E0E77E2304AA9371B6
:10B7D0003A3BE35C0622202BAFD1B4E101212000EB
:10B7E000FFF752FB8246002800D063E74946A26B70
:10B7F000096EE36B914243D04846FCF743FB824617
:10B80000002800D056E720220021206CF9F7E6FD41
:10B810000B220199206CF9F7E7FD4F23E15C226CC4
:10B82000373B0B40137301234A46137100239A469A
:10B8300040E77E2304AAD3703A3BE35C0322202B2B
:10B8400000D07AE77FE17E2304AA93703A3BE35C61
:10B85000202B00D182E14523E35C0222203B591ECC
:10B860008B4101339C4691E77E2304AA53703A3BF7
:10B87000E35C203B1A00531E9A419446012285E75F
:10B880004946496E9942B7D1BDE702239C467DE700
:10B89000FFFF0000FDFF000040460F210E30F8F7CB
:10B8A000FBFE811C05002000FFF7EEFA824600280F
:10B8B00000D0FFE6236B01356D015D1BE379256543
:10B8C0001E4200D18BE0B343E371032B00D1DBE0D8
:10B8D000E369656B002B17D0EA1A511C012B00D1CC
:10B8E00025E10232012900D8EBE02068C36A9942C1
:10B8F00000D3E6E0FCF78EFB002800D015E1E369F9
:10B90000013BE361002BE7D1A368002B67D0FF2246
:10B91000236806AD0693236A28000893636AEB71D7
:10B9200093430A9300230B930D93A36A19001A9370
:10B93000FEF79CF8002800D0F7E02800FDF7B4FCE3
:10B94000002800D0F1E04B46598900234A02160036
:10B95000206961691F004B4636184F41382019692C
:10B96000266167610E5439203200360A0E543A209F
:10B97000160C0E54100E3B223F23885401328F5474
:10B98000380A01328854380C013288543A0ECA54AD
:10B990004B46282022691969160A63690A54013046
:10B9A0000E54160C01300E54120E01300A542C2283
:10B9B000180A8B5401328854180C013288541B0E1B
:10B9C00001328B540122E37949461343212209694C
:10B9D00028008B54FEF7FCF9002800D0A5E04B4668
:10B9E0001C69402200212000DD68F9F7F7FC85235F
:10B9F000C022601C80461F202370653BE254002358
:10BA00000027002184469946BF3A4033C126E654B8
:10BA10000026581C2654023301970AE06818834612
:10BA200000260020E6544646F05460460233184291
:10BA300016D0002AF2D06A1893466A5A002A43D0D8
:10BA4000D6B2E6544646100AF0546046019F0233CF
:10BA50000137F9B2019149006F18BB461842E8D18D
:10BA60005E46484636880130019FC0B2002E2ED077
:10BA70008146CBE7052305229C4687E61B3B9C4677
:10BA800084E60023FFF73AFBA369A568002B69D081
:10BA9000012D16D92068EB185E1EC36A6F1CAB42DD
:10BAA0000FD93A002900FCF7B5FA00283DD1B5427C
:10BAB00058D0012F05D93D0020686F1CC36AAB42E6
:10BAC000EFD802239A46F5E500200026AAE72323B3
:10BAD000E7544B46023363702888AB1C002838D0EB
:10BAE0001D00FF27FBF7DAFBF30382B2760838402C
:10BAF00030181B189BB2DE03120A5B089B18023534
:10BB0000F618AB1E1888B6B20028EBD1F3B2360A8D
:10BB10002422A3542523E654CCE5696E994200D033
:10BB200010E515E55D3B9A46C4E58246C2E5012273
:10BB30005242D7E67E2304AA13713A3BE35C042207
:10BB4000202B00D0F9E500239C461FE61F3B9C46B6
:10BB50001CE600260023DBE7A94647E60023022275
:10BB60009C4613E60023E371B2E6C046F0B5DE461C
:10BB700057464E464546E0B5894607009346046859
:10BB80008FB0012942D9E36A8B423FD9002A34D1D0
:10BB90002500682292465A46A846BB464D464F4667
:10BBA00091469D4232D243461B78032B00D1B7E029
:10BBB00034D8012B61D0022B28D12B0A0293002309
:10BBC00041460393086C496C029A039B12184B413F
:10BBD0004146096E914200D134E14046FCF752F9EA
:10BBE00000283DD1FF226B005200134043446833CC
:10BBF0005E781A7836021643BCE02278042A00D117
:10BC000089E05A46012A01D05B452BD802200FB0AB
:10BC1000F0BCBB46B246A946A046F0BD042BF5D108
:10BC20005B461A695B691100194300D1D1E059469E
:10BC30008E68002E00D1CCE0C979AE1B022900D15C
:10BC40000CE1032900D0C9E05B469B699E4200D30A
:10BC5000C4E06E1C002E00D125E1731C00D08FE0E3
:10BC60000120D4E70122594620005242FCF7D2F9C4
:10BC70000028CCD13D68EB6A8BE743466E08761905
:10BC8000186C596C730A009300230193009A019B6E
:10BC900012184B410692079342464346526E1B6E62
:10BCA0009446069A0B939A4200D1C6E0069A079BE7
:10BCB0004046FCF7E7F80028D2D14346186C596C8F
:10BCC0001B6E0B9343465B6E9C46F305DB0D4344B2
:10BCD000721C68331E78530A089300230993069256
:10BCE000089A099B12184B410B998A4200D1FCE03B
:10BCF0004046FCF7C7F80028B2D1069BDB05DB0DF8
:10BD0000434468331B781B0233431E09EA0731D4CE
:10BD10001B051E0D2EE0C279022A00D071E737E71D
:10BD2000EB090493002341460593086C496C049A7F
:10BD3000059B12184B414146096E914200D187E0A4
:10BD40004046FCF79FF800288AD1FE22AB00520043
:10BD50001340524643449E5C69226A219A5C595CB6
:10BD60001202324309040A436B215E5C3606164315
:10BD700036013609002E00D195E0012E00D145E7AD
:10BD80002378042B0BD0E36AAB4200D83EE70022B5
:10BD900029002000FCF73EF9002800D037E7E16ACF
:10BDA000A3698A1E934205D201220133A3616379FC
:10BDB000134363710135B54203D02378042B66D059
:10BDC00037008E426FD25B461B6835009846DB6AAF
:10BDD000E7E65B46DB79002B00D017E75B46DB69C3
:10BDE000002B4ED1EB090C93002341460D93086CB8
:10BDF000496C0C9A0D9B12184B414146096E9142B9
:10BE000077D04046FCF73EF8002800D028E7FE2215
:10BE1000AB0052001340524643449E5C69226A21A3
:10BE20009A5C595C1202324309040A436B215E5C3E
:10BE300036061643760076089CE7079B634500D0DC
:10BE400034E742E74146496E994200D0C5E6C9E66B
:10BE50004146496E994200D072E776E701204042A0
:10BE6000C11712184B41D905500A0843590A4346D5
:10BE70005A890023F8F74EFC864200D9C6E600D066
:10BE8000E7E62378234E042B00D07CE787E70023E6
:10BE900039002000EA1BFCF749F8002800D0B6E67C
:10BEA0003700E16A8DE723785F46042B01D000203C
:10BEB000ADE64B46002B15D0FB79002B1ED14D462D
:10BEC000BC680CE021003800FCF780F9012800D89C
:10BED0009CE6431C00D1C3E601348442E7D1AC4266
:10BEE000F0D102230020FB7191E6634500D0FFE60C
:10BEF00003E74146496E994283D188E7032BD6D1A7
:10BF0000BB684B45D3D8BA69944663444B45CED3FE
:10BF10000223E7E7FFFFFF7FF0B583B001900091B8
:10BF2000081E00D1D3E00C0001E03A2B63D0237847
:10BF300001341F2BF9D8674B1D782B00664C9800F5
:10BF40002158002945D00026644B26501F68B9426D
:10BF500060D01E69B14261D01E6AB14263D01E6BCF
:10BF6000B14265D01E6CB14267D01E6DB14269D03E
:10BF70001E6EB14200D16BE01E6FB14200D16DE088
:10BF800080269F59B94200D16FE090269F59B9424F
:10BF900000D171E0A0269F59B94200D173E0B026CC
:10BFA0009F59B94200D175E0C0269F59B94200D1CE
:10BFB00077E0D0269F59B94200D179E0E0269F5919
:10BFC000B94200D17BE0F0269F59B9421FD000232F
:10BFD0000B70019B002B03D000215D701970235062
:10BFE0000020002A01D103B0F0BD0022684601A95B
:10BFF000FCF7ACFBF7E70378303BDDB2092D66D8E0
:10C00000811C0B208C42EED1012BECDC96E7002743
:10C010009F51DCE71E601E69B1429DD100261E6162
:10C020001E6AB1429BD100261E621E6BB14299D19D
:10C0300000261E631E6CB14297D100261E641E6D41
:10C04000B14295D100261E651E6EB14200D093E725
:10C0500000261E661E6FB14200D091E700261E67C3
:10C0600080269F59B94200D08FE700279F51902624
:10C070009F59B94200D08DE700279F51A0269F59B4
:10C08000B94200D08BE700279F51B0269F59B94293
:10C0900000D089E700279F51C0269F59B94200D0A0
:10C0A00087E700279F51D0269F59B94200D085E7E6
:10C0B00000279F51E0269F59B94200D083E700270F
:10C0C0009F51F0269F59B94200D080E79FE70B208F
:10C0D00089E7C0468C380020442700204C270020E8
:10C0E000F0B54E464546DE465746E0B59FB0804621
:10C0F00016000591002800D1D2E03F2515402A0006
:10C1000007A905A8FCF722FB071E0AD00023424618
:10C11000136038001FB0F0BCBB46B246A946A0462B
:10C12000F0BD8C20079BC0000893FBF779F882468E
:10C13000002800D1B6E08022079B92005244D860CC
:10C1400005991A6108A8FEF7F7F8041E00D09EE0D2
:10C1500018214F2302AA5218D35C7F2B00D9A5E0E7
:10C16000012329000A9A99439146149A089B944600
:10C17000984A14689346002C00D195E000229C4216
:10C1800000D176E25C462469002C00D11AE29C4280
:10C1900000D17AE25C46246A002C00D114E29C4271
:10C1A00000D18AE25C46246B002C00D110E29C4254
:10C1B00000D176E25C46246C002C00D106E2A3425A
:10C1C00000D186E25C46246D002C00D102E2A3423D
:10C1D00000D18DE25C46246E002C00D1FCE1A3422C
:10C1E00000D19DE25C46246F002C00D1F8E1A3420F
:10C1F00000D189E2802458460459002C00D1EDE199
:10C200009C4200D198E2902458460459002C00D159
:10C21000E8E1A34200D19BE2A02458460459002C37
:10C2200000D1E1E1A34200D19EE2B0245846045976
:10C23000002C00D1DAE19C4200D1A1E2C024584692
:10C240000459002C00D1D3E1A34200D1A4E2D024B0
:10C2500058460459002C00D1CCE1A34200D1A7E2FA
:10C26000E02458460459002C25D09C4200D1ABE272
:10C27000F02458460459002C2CD09C4200D1BBE13C
:10C28000002A27D15046FAF7CFFF12273EE71C239A
:10C29000334200D0A0E05046FAF7C6FF270035E74A
:10C2A000092736E7112734E701226BE75046FAF7F2
:10C2B000BBFF06372AE7F0228258002A0AD09A42AA
:10C2C00008D1F423C358994504D1F823C3589C4599
:10C2D00000D19BE11C2333420DD0112202AB9B7F86
:10C2E0001A4200D069E1730700D4B8E15046FAF76A
:10C2F0009BFF08270AE702AB9B7FDA0600D5B3E174
:10C30000B20702D5DB0700D557E10822079816408F
:10C3100000D009E10123290099434246036E446E8F
:10C3200013655465189B08A802934346029A9A65C0
:10C330004B1E9941FBF782F84346D862002804D18E
:10C340005046FAF771FF0227E0E6079C217804299E
:10C3500000D16BE1189BDA7E987E1202024303291A
:10C3600005D1597D1E7D0902314309040A43414626
:10C370008A605A7F187F120210434246997FDB7F02
:10C38000090401431B060B4313610023536100237F
:10C3900042464146D3651460E2888A8030228D543B
:10C3A00001328B54002200238A64CB648A63CB63FE
:10C3B0006023802243441800002192009946F9F737
:10C3C0000DF8AB0600D5B5E05046FAF72DFF002773
:10C3D0009FE6C0464C270020042800D05BE7C34BF3
:10C3E0009B461B68002B3ED05B461B69002B3AD056
:10C3F0005B461B6A002B36D05B461B6B002B32D092
:10C400005B461B6C002B2ED05B461B6D002B2AD08D
:10C410005B461B6E002B26D05B461B6F002B22D089
:10C4200080235A46D358002B1DD09023D358002B7D
:10C4300019D0A023D358002B15D0B023D358002BEC
:10C4400011D0C023D358002B0DD0D023D358002BAC
:10C4500009D0E023D358002B05D0F023D358122461
:10C46000002B00D017E708A8FEF72AFE08230400D7
:10C470001D43002800D00EE7079B1A78042A00D13C
:10C48000D4E102F03FFB189B010A020CC4B2C9B20E
:10C49000D2B2000ED97358749C731A74189BD97554
:10C4A00058769C751A76189B0798DE7E997E0278DE
:10C4B00036020E43032A05D15A7D197D12020A4322
:10C4C000120416432022DA720022189B9A76DA763A
:10C4D0000178032901D11A755A750022189B1A7721
:10C4E0005A779A77DA7701230371002E1CD0426EB7
:10C4F000036E91463100002208A80293FFF736FB35
:10C50000041E00D0C7E60798029B026E9A4200D133
:10C51000E8E14B46029AFBF7B5FC04000798013EA0
:10C520004661002C00D0B6E640231D4329003F3B66
:10C530009943F2E643461D695E692B00334338D0C8
:10C5400043469D63DE636289996853020293002328
:10C550000393002E09D1B8E1431C28D0029B039C11
:10C56000ED1AA641A64200D83AE14046FBF72EFE5E
:10C5700001000128F0D8022443461964DB6A013B1C
:10C580000F2B00D987E65A4680201B01D118CA68B4
:10C590004000824200D17BE1002A04D0013ACA6007
:10C5A000002A00D077E600225946CA5073E60124DB
:10C5B000E2E75046FAF738FEABE55046FAF734FEAC
:10C5C0000727A3E50122E5E50122EBE50122F9E5D4
:10C5D0000122EFE50122FDE5012203E6012212E638
:10C5E000012207E6012217E601221EE6012225E6C6
:10C5F00001222CE6012233E6F423C3584B4500D038
:10C600003EE6F823C358634500D039E60F230029DE
:10C6100007D180221B015B44DB685200934200D0AB
:10C6200058E65046FAF700FE10276FE50A9B20698E
:10C6300002934346029A41461A620C9B0293FF23DF
:10C64000029A9A43130002AAD27F134342465362CE
:10C6500043461C9A9A62FBF75FFB079C97E63307F9
:10C6600000D509E7079858E65046FAF7DDFD04279C
:10C670004CE558464068484500D083E558468068F8
:10C68000604500D07EE50023C1E758464069484533
:10C6900000D07FE558468069604500D07AE50123E7
:10C6A000B5E75846406B484500D083E55846806B57
:10C6B000604500D07EE50323A9E75846406A484517
:10C6C00000D06FE55846806A604500D06AE50223D5
:10C6D0009DE75846406C814500D073E55846806C14
:10C6E000844500D06EE5042391E7C0464C27002026
:10C6F0005846406D814500D06CE55846806D8445B4
:10C7000000D067E5052382E75846406F814500D099
:10C7100070E55846806F604500D06BE5072376E7EB
:10C720005846406E814500D05CE55846806E844591
:10C7300000D057E506236AE7842404594C4500D00D
:10C7400061E588240459644500D05CE508235EE770
:10C75000942404594C4500D05EE598240459A4451E
:10C7600000D059E5092352E7A4240459A14500D07B
:10C770005BE5A8240459A44500D056E50A2346E702
:10C78000B4240459A14500D058E5B8240459A4455F
:10C7900000D053E50B233AE7C4240459A14500D047
:10C7A00055E5C8240459A44500D050E50C232EE7D4
:10C7B000D4240459A14500D052E5D8240459A445F5
:10C7C00000D04DE50D2322E7E42404594C4500D068
:10C7D0004EE5E8240459644500D049E50E2316E7E8
:10C7E000029B039CA64202D19D4200D9BDE643466E
:10C7F0001964EB0500D1DCE6079C8A1EE36A023B64
:10C800009A420BD2002300216089F8F767FD226D60
:10C81000636D8018594103000B433CD14346DB6AEA
:10C820000224013B0F2B00D8ADE634E542461869DF
:10C8300013604146FBF770FA079B1E22186900211E
:10C840000230F8F7CBFD079C002120691A22263020
:10C85000F8F7C4FD202322691371246902F052F90C
:10C86000030A6372030C2072A372000E079BE0722E
:10C870001A690121212308A8D154FDF7A9FA041E41
:10C8800000D008E543469968002920D107984BE677
:10C890000022CA6087E6F7056A0A3A43730A12184B
:10C8A0004B4141468A64CB6401216078009149463E
:10C8B00002F05AF8071E00D17BE64346DB6A0124EA
:10C8C000013B0F2B00D85EE6E5E4029B8CE70022DB
:10C8D0004046FFF74BF943469B6804000798013B2D
:10C8E00043611EE6436E4B4500D012E6013E4661B1
:10C8F0001AE6C046F0B5DE464E4645465746E0B518
:10C900001D00002304008B4691468BB02B6000284D
:10C9100009D00368002B06D01A78002A03D081883A
:10C92000DA88914209D009239A4650460BB0F0BCF0
:10C93000BB46B246A946A046F0BD587801F0F2FFCA
:10C9400001220242EFD13123E35C9A46002BECD165
:10C9500011003033E35C194008911A4200D1E0E045
:10C96000A26BE36B20696169801A99418A4501D104
:10C97000814571D849460029D7D0216827008846CB
:10C980005146DA46AB460991D10500D07AE04446DB
:10C99000D905500A084305006489590A013C25401D
:10C9A000079520425AD043463A6CDB6A023A023B72
:10C9B0009A4261D243465E89002100233000F8F795
:10C9C0008DFC43465C6D1B6DC018614103000B4339
:10C9D00052D0002205928022079B92000493049C6F
:10C9E000059D24184D41914560D34A46510A8C4615
:10C9F0001A0063440791B34201D9B31A079343461F
:10CA00005878079B2200009351462B0001F0ACFFA1
:10CA1000002800D07FE03023FB5C7F2B00D9A4E00E
:10CA2000079B5E024B46B86BF96B9B1B99465B46B6
:10CA30005A461B6802969B19136000230393029ABF
:10CA4000039B12184B414946BA63FB63B244002969
:10CA50009AD1099B9A4668E781468BE71A4343D1EE
:10CA6000BA68012A08D9531C55D04346DB6A3A6498
:10CA7000023B023A9A429DD331230222FA542F3BC1
:10CA80009A4652E760239C46BC4463460793802342
:10CA9000C90D9B005E1A4E4500D94E46079B3200D9
:10CAA0009C4650466144F8F79FFCBBE7BA6CFB6CB0
:10CAB000A24239D03021795C7F2943D860239C463B
:10CAC000BC446346079343465878012322000093F1
:10CAD00007992B0001F048FF00281CD1BA6BFB6BB3
:10CAE000BC64FD64D105D2E7FD6D002D24D03B6808
:10CAF0002C1D5A890023F7F70DFE6B68002B05D11A
:10CB0000BAE70834C01A2368002BB5D08342F8D99D
:10CB100062688218A5E731230122FA54089B9A46DD
:10CB200003E707239A4600E7AB42C3D160239C4644
:10CB3000BC4463460793D1E73800396CFBF746FBEA
:10CB400002008EE760218C46BC44614640460126C7
:10CB500007914078009601F041FF0028DBD1302199
:10CB60007F237A5C13407B54ADE7BA6CFB6C121BDD
:10CB7000AB41984200D053E70799914200D84FE764
:10CB800060239C4650028022BC446146504492007F
:10CB9000F8F72AFC44E7C046F0B5DE46574645465E
:10CBA0004E46E0B51D00002304008B4692468DB032
:10CBB0002B60002809D00368002B06D01A78002AC1
:10CBC00003D08188DA88914209D0092398464046EB
:10CBD0000DB0F0BCBB46B246A946A046F0BD5878A1
:10CBE00001F0A0FEC307F0D43123E35C9846002B8C
:10CBF000EDD13033E35C9A0700D421E122689146FD
:10CC00001278042A06D05146A26B51188A4201D9E3
:10CC1000D24392465246002A00D193E0A26BE36BC6
:10CC2000484641465746A9460B910390D00500D08F
:10CC300092E0039DD905500A08436E890500013E24
:10CC40003540A846590A304211D11A4300D0B3E00A
:10CC5000A068002800D108E1012800D193E0431C1E
:10CC600000D1E7E0A3682064002B00D1A06030234E
:10CC7000E35C7F2B00D9BAE0236C039D9A1EEB6A1C
:10CC8000023B9A4200D37EE06B8900219A46002342
:10CC90005046F8F723FB2A6D6B6D8018594103004D
:10CCA0000B4370D04346089300230993089A099BCD
:10CCB00012184B410692079380239B009F4268D332
:10CCC0007A0A4346944663440A92534503D953462D
:10CCD00042469B1A0A93039B594658780A9B009335
:10CCE000069A079B01F07AFE002800D0A2E0A56C0E
:10CCF000E66C0699079A6D1A9641B04200D1B9E0E8
:10CD00000A9B5E024B46A06BE16B4A461B68049689
:10CD10009B19136000230593049A059B12184B413D
:10CD20006169A263E3632069BF1BB3448B4210D8DF
:10CD30000DD020616161002F00D077E70B9B9846F2
:10CD40003023E35C402213433022A3543FE7824266
:10CD5000EFD910001900ECE760239846A044802327
:10CD6000C00D9B003E001B1A9F4200D91E003200DE
:10CD700059464044F8F738FB30228021A35C4942F1
:10CD80000B43A354BEE731230222E2542F3B9846C3
:10CD90001DE7A36C069A934255D0A26BE36B6169C1
:10CDA000994239D835D060218846A0440698079921
:10CDB000A064E164D005D2E7E36D9A46002B4CD025
:10CDC0001E1D23685A890023F7F7A4FC53465B68AD
:10CDD000002BB3D0039D04E00836C01A3368002B43
:10CDE000ACD09842F8D273680395C01839E0039B21
:10CDF00021005878012360310093A26CE36C01F0AC
:10CE0000EDFD002816D130217F23625C134063546E
:10CE100032E721699142C6D960239846039BA0441A
:10CE20005878012341460093069A079B01F09CFD28
:10CE300000280FD031230122E254303B9846C6E649
:10CE400007239846C3E6E36C079A9342A5D1602373
:10CE50009846A044A26BE36BA8E72000216CFDF785
:10CE600065FD002800D0F7E668E700212000FDF707
:10CE70005DFDF6E70A99A94200D841E7802220002B
:10CE80006902594492006030F8F7AEFA30217F23EE
:10CE9000625C1340635433E7F0B5D6464F464646CE
:10CEA000C0B5040098B0002809D00368002B06D054
:10CEB0001A78002A03D08188DA88914207D00925A0
:10CEC000280018B0E0BCBA46B146A846F0BD587874
:10CED00001F028FD01210142F1D140223026150048
:10CEE000A35D1D401A42EBD05BB22768002B40DBEC
:10CEF00001F008FE3B780600042B4AD0226D396E03
:10CF0000636D914200D1B8E03800FAF7BBFF051E0F
:10CF1000D6D12021A36DDA7A0A43DA72A26820689A
:10CF200091B2090A9A76D9760178032903D1120CB5
:10CF30001A75120A5A7522699E75110A1A7759775D
:10CF4000110C120EDA77320ADA75320C1A760022D8
:10CF5000360E99779A74DA745E76012338003B7145
:10CF6000FBF79AFA30224021A35C05008B43A354BF
:10CF7000A6E7787800912100A26CE36C603101F0A3
:10CF80002DFD002800D080E07F23A25D1340A35533
:10CF9000AEE7E379032B46D0236C9846E369002B78
:10CFA00015D04246D21A511C012B6BD002320129F6
:10CFB00061D92068C36A99425DD2FBF72BF8051E40
:10CFC00000D07DE7E369013BE361002BE9D18C20D0
:10CFD000C000FAF725F98146002800D1CDE04B4684
:10CFE000FB6080239B004B443B6102AB9846236867
:10CFF000226A029343469A604246636A4046D3716E
:10D00000FF2293434246136100235361D361434699
:10D01000A26A11001A65FCF729FD051E37D04846A3
:10D02000FAF702F94CE7A3689846A369002B00D1F0
:10D03000A5E04246012A1ED94344013B99460123FB
:10D04000206843449A46C36A434514D95246414630
:10D05000FAF7E0FF051E00D032E7C14500D18EE0AF
:10D060005346012B07D9D0460123206843449A46F2
:10D07000C36A4345EAD8022522E7796E994200D077
:10D0800042E746E70122524291E7012518E7404670
:10D09000FCF70AF9051EC2D120213A6913790B4326
:10D0A00013710122E3793969134321228B5434210E
:10D0B000A3683A69180A535401315054180C0131CD
:10D0C000505438201B0E0131535421693B69626969
:10D0D0001954080A84469246392062461A540A0CAA
:10D0E00001301A54090E0130195452463C21100ADD
:10D0F0005A5401315854100C013158542820120E42
:10D1000001315A5421693B6962691954080A8446FD
:10D110009246292062461A540A0C01301A54090E0C
:10D120000130195452462C21100A5A5401315854D6
:10D13000100C01315854120E01315A543B69320A15
:10D140001E735A73320C360E9A73DE733B69404677
:10D150005D753B691D745D749D74DD74FCF738FE6C
:10D16000051E00D05BE73800FBF796F9302240211E
:10D17000A35C05008B43A35451E71125A0E60023CF
:10D18000E37109E770B50400FFF786FE002800D0C0
:10D1900070BD002C09D02368002B06D01A78002A15
:10D1A00003D0A188DA88914201D00920F0E75878AD
:10D1B00001F0B8FB01220300100018401A42F4D11C
:10D1C000E36A013B0F2B14D880260B491B01CD18B5
:10D1D000EA687600B24208D0002A07D0013AEA6035
:10D1E000002A03D000232360D2E7E8600022CA505F
:10D1F000F8E70220CCE7C0464C270020F0B585B008
:10D20000051E019149D0002203A901A8FBF79EFA4F
:10D21000041E04D000232B60200005B0F0BD8C203C
:10D22000039BC0002B60F9F7FBFF061E37D080225E
:10D23000039B92008218D860019928001A61FDF7BB
:10D240007BF8041E22D14F23EB5C7F2B44D8AB79B3
:10D25000DB0626D503990C78042C2ED0286CC37ECF
:10D26000877E1B023B43032C20D0AB60CB88280079
:10D270000021AB80FCF7FAFB041E07D1AB68002B42
:10D280002CD1E8623000F9F7CFFFC5E73000F9F79D
:10D29000CBFF042CBED10134BCE70924BCE7112428
:10D2A000BAE73000F9F7C0FF0524B3E7427D047DFB
:10D2B0001202224312041343D7E7AB682A692B6298
:10D2C000FF239A431300EA79086913436B622B6DBD
:10D2D0002900AB62FAF720FD0399C7E70021280077
:10D2E000FAF7ACF8E862002804D13000F9F79CFFA7
:10D2F00012248FE73000F9F797FF8DE770B5041E11
:10D3000009D00368002B06D01A78002A03D0818840
:10D31000DA88914201D0092070BD587801F002FBF3
:10D3200001220300100018401A42F4D1E36A002BD6
:10D3300010D0013B0F2B14D880260B491B01CD18B0
:10D34000EA687600B24208D0002A07D0013AEA60C3
:10D35000002A03D000232360DEE7E8600022CA50E1
:10D36000F8E70220D8E7C0464C270020F0B5D646A3
:10D3700046464F460D00C0B5110043650400FFF757
:10D380003DFF061E05D03000E0BCBA46B146A846B7
:10D39000F0BD01239946033398462368002B06D03D
:10D3A0001A78002A03D0A188DA88914201D0092690
:10D3B000E9E7587801F0B6FA4E464B46064003427C
:10D3C000F5D1002D1DD08C202368C0009A46F9F7B6
:10D3D00027FF071E3BD05346D860802352469B0050
:10D3E000C31813612000FCF763F84246030093431F
:10D3F000DBB28246002B0CD03800F9F715FF5646F9
:10D40000C1E700212000FCF731FB0028BBD006005B
:10D41000B9E729002000FAF745FA2000FAF7D8FF0B
:10D42000824603003800042B13D0F9F7FDFE534663
:10D43000002BE4D1AB7E002BA5D0290004230022D1
:10D44000606D1A31FAF79EFC0028A6D09BE71126E2
:10D4500099E7F9F7E9FEEDE7436810B5196918682F
:10D4600001F020FC020002490248F9F7DBFD10BD83
:10D47000641C0110C81B0110436810B518680449EA
:10D4800001F010FC020003490348F9F7CBFD10BD81
:10D49000801A06004C1C0110C81B0110F0B50126B3
:10D4A00032008168D025C6468A402D0600B5436803
:10D4B0006A61FF22904682B080276A464146BF04D7
:10D4C000AF61D171040018686B460122D91D02F0CA
:10D4D0003BFEA268414696406A466368AE61D171E0
:10D4E00018686B460122D91D02F02EFE6F6102B052
:10D4F00080BCB846F0BDC04610B5040082B040689C
:10D5000000F092F80123A1686268D0248B402406C1
:10D51000A3616B46D91DFF230B701068012202F036
:10D5200013FE80239B04636102B010BD10B504009C
:10D530000123A26840689340D022120653618023E1
:10D5400082B09B0493616B46D91DFF230B700122AF
:10D55000006802F0F9FD606800F07EF802B010BDCE
:10D5600010B5406802F008FE10BDC04600B585B099
:10D570006A460B00D371FF23D11DD3730F2240687D
:10D58000FE3B6A4402F0F8FD002803D06B46D87BCE
:10D5900005B000BD6121034B034A044801F09CFA29
:10D5A000F4E7C046E41B0110801C0110EC1B0110C5
:10D5B00001238168D0228B40F0B51206576885B0F0
:10D5C0005361FF210A220600FA2401A81F4000250A
:10D5D000F7F704FFF6F7F4FCA40024184D41002DE2
:10D5E0001CDB0A23002201A9706802F0C5FDF6F7D2
:10D5F000E7FC22002B00121A8B41002BF1DC01D139
:10D60000002AEED10123B2689340D0221206002FE7
:10D6100002D0536105B0F0BD9361FBE70124014DD9
:10D620006442DEE7FFFFFF7F836B10B50400002B31
:10D6300004D02000383002F0A7FD10BD7F21034B3D
:10D64000034A044801F048FAF3E7C046881D011078
:10D65000D81D0110B41C0110836B10B50400002B01
:10D6600004D02000383002F057FD10BD8321034B59
:10D67000034A044801F030FAF3E7C046881D011060
:10D68000CC1D0110B41C0110F0B5C646624D04005B
:10D6900000B5280002F078FD2C23E35C002B00D0BD
:10D6A00083E02600A36B3836002B00D19FE03000CA
:10D6B00002F06AFD2000012200213030F6F77CF8EC
:10D6C0005649206801F054FA0221236854485A68E8
:10D6D0001818016007200A4019684840CF2101400E
:10D6E00080204001181801604E4960688C466344F0
:10D6F0001A600121F5F75EFC0121A068F5F75AFCDC
:10D700000121E068F5F756FC237D002B5FD1002254
:10D7100001216068F5F768FC012001F01FFBA061A2
:10D72000012001F01BFBA369E061C2023E492068B1
:10D73000DB02884254D03D490B403D490B438821D0
:10D740000903236201233948104008431843394B29
:10D7500060621F7898467B1E9F41374B0B371B78C2
:10D76000002B2FD0802238003449F5F7F5FD4346D1
:10D770001B78002B20D00123E2699340304A1360CC
:10D7800001213800F5F7ACFD1920F5F7D5FCD023C1
:10D7900080221B0692045A622C230122E254A36BBE
:10D7A000002B32D0300002F0B7FC280002F0B4FCAD
:10D7B000012080BCB846F0BD0123E2699340214AB4
:10D7C0001360DDE738001D49F5F79CFDCFE7617D6B
:10D7D000A068F5F723FCA17DE068F5F71FFC96E74C
:10D7E00012490B4018490B4398210903A9E730005F
:10D7F000F6F726F8A36B002B00D058E77F21134BD8
:10D80000134A144801F068F951E783210F4B124A7B
:10D81000104801F061F9C5E7981E0020A0860100BC
:10D82000043000000420000000000440FD7F00FFE1
:10D83000110008008E3800203916002099020020BF
:10D84000142400500424005011000900881D011008
:10D85000D81D0110B41C0110CC1D0110F0B5C64636
:10D8600000B586B005000027F6F7AAFB794E3618FA
:10D870004F41002F08DAE2E0F6F7A2FB32003B004E
:10D88000121A8B41002B61DDFF212800FFF76EFE8D
:10D89000FE28F1D102AE340006AFFF212800FFF7C9
:10D8A00065FE20700134BC42F7D1FF212800FFF74C
:10D8B0005DFEFF2104022800FFF758FEA4B20443D6
:10D8C00010213000A4B201F015F8844200D0BAE073
:10D8D000012231788B11C909134049000B4348D00C
:10D8E000012B10D05C4801F0D1F85C4B5C4A5D49DB
:10D8F0005D4801F0F1F8002400262000310006B058
:10D9000080BCB846F0BD002100220F270725012466
:10D9100010003030C308FB1AF35C28400341234059
:10D92000934001321943162AF2D14C1CA4024F48ED
:10D9300001F0ACF8220000234D4801F0A7F80023C5
:10D940004C48E20A002601F0A1F8D6E7002B01D1ED
:10D95000002A99D1484801F099F8C4224249474821
:10D96000920001F093F8464801F090F80024002658
:10D97000C3E704270824337AD9119B1113404900C7
:10D980001943F3799800384008439900214008432F
:10D99000083499002140014310349800204001438D
:10D9A0002034980020400843FF215C11E40121400D
:10D9B0008024084364009900214001438020DB114A
:10D9C0005B020B43B179C0008D0205402B438D02F1
:10D9D000802109010D401D431300747AB17A234060
:10D9E000C9095B0064000B433C401C430F23717961
:10D9F000681C0B409A400234D317A0400021F7F76F
:10DA00006DFC8046CB05440A0F001C434E0A1D489E
:10DA1000290001F03BF8220033001B4800940196D6
:10DA200001F034F843463A031B0D13433A0D0093BB
:10DA300001923B004246154801F028F85DE70126B7
:10DA4000134F764220E702002100124801F01EF831
:10DA500089E7C04680841E00A81F0110C41F011062
:10DA6000E4250110ED020000101E0110581F0110E6
:10DA70007C1F0110901F0110F41D0110701E011079
:10DA8000D01E0110F81E01101C1F0110381F0110BC
:10DA9000FFFFFF7F881E0110F8B50C001100060083
:10DAA000FFF764FD80230022210030009B00FFF778
:10DAB00057FD00283CD080212000890000F01AFF8B
:10DAC0000400010AC9B23000FFF750FDE1B2300096
:10DAD000FFF74CFDFF213000FFF748FD0025070050
:10DAE000F6F76EFA184C24184D41002D08DA26E09E
:10DAF000F6F766FA22002B00121A8B41002B08DD84
:10DB0000FF213000FFF732FD0028F1D01F20384000
:10DB1000F8BD002B01D1002AF2D10C490C4800F0CD
:10DB2000B5FFE8220B490C48920000F0AFFFEDE78B
:10DB30000A4B0B4A0B49074800F0CEFFBBE7012414
:10DB4000094D6442DCE7C04680841E00B825011000
:10DB5000E81F0110101E0110F41F0110E41F011036
:10DB6000C82501108E030000FFFFFF7FF0B5DE46E1
:10DB700057464E464546E0B5904607000E009B4688
:10DB800087B00C2900D0C5E043461B0E00934346E6
:10DB90001B0CDBB2019343461B0ADBB2029304AABF
:10DBA000032394460393033363449A46012399461F
:10DBB0005B46002B00D0E8E0402304AA33431370F7
:10DBC0001300009A18005A70019A05219A70029A5F
:10DBD000DA7042461A7100F079FE4B464000184355
:10DBE00004AB1C005871217838000134FFF7BEFCEB
:10DBF000A245F8D10C2E00D10CE11024FF213800F1
:10DC0000FFF7B4FC030602D5013C002CF6D1050059
:10DC1000FF2800D1A4E0109B8346002B00D01D609C
:10DC20002B071DD5172E00D0E6E16B0700D5E1E1EB
:10DC300012232B4200D04BE160242C40631E9C41F8
:10DC4000BF4B64421C40109B002B01D05A461A6007
:10DC5000200007B0F0BCBB46B246A946A046F0BDC6
:10DC600004242C4200D0BBE112232B4200D1DEE081
:10DC7000B44C0D2E00D1E7E00D2E46DC082E22D14B
:10DC8000B14800F003FF0223BB62FF213800FFF719
:10DC90006DFCFF2105003800FFF768FC2D0603042A
:10DCA000FF2138001D43FFF761FCFF21060038000B
:10DCB000FFF75CFC3602284306433100A348B34615
:10DCC00000F0E4FEBFE70C2EBDD1F6F779F9002392
:10DCD0009F4A8018594105000E1E00DAA3E0FF217B
:10DCE0003800FFF743FC0028ADD1F6F769F92A00A8
:10DCF0003300121A8B41002BF1DC01D1002AEED146
:10DD00009449954800F0C2FE9DE7262EDDD03A2EBC
:10DD1000BBD098E7F6F754F900258D4C24184D41F7
:10DD2000002D00DAD6E0FF213800FFF71FFC0028A5
:10DD300000D029E7F6F744F922002B00121A8B4194
:10DD4000002BF0DC01D1002AEDD18249824800F09D
:10DD50009DFEE72281498248520000F097FE13E7BA
:10DD60003100804800F092FE039B013B0393002B9F
:10DD700000D01DE7109B002B00D01D60FF2231005A
:10DD8000794800F083FE794C62E7772304930023FF
:10DD900004AA13710521100000F098FD4B464000C5
:10DDA000184304AB1C005871217838000134FFF788
:10DDB000DDFB5445F8D11024FF213800FFF7D6FBD6
:10DDC000030602D5013C002CF6D1F6F7F9F8002540
:10DDD0005F4C24184D41002D21DBFF213800FFF757
:10DDE000C5FB002800D0E7E6F6F7EAF822002B0092
:10DDF000121A8B41002BF0DC01D1002AEDD15549DC
:10DE0000554800F043FEEC2254495548520000F0BA
:10DE10003DFED1E6FF213800FFF7A8FBEDE6012427
:10DE2000534D6442D9E70125514E6D4257E76024B6
:10DE30002C4063425C414F4B64421C40404B9C462B
:10DE400064440D2E00D017E7FF213800FFF78EFB4A
:10DE50002D022843834600D1F5E60100464800F034
:10DE600015FE5B46DB0700D5B5E05B469B0700D59A
:10DE7000ACE05B465B0700D5A3E05B461B0700D523
:10DE80009AE05B46DB0656D45B469B064ED45B4667
:10DE90005B0646D45B461B063ED45B46DB0536D4A8
:10DEA0005B469B052ED45B465B0526D45B461B0573
:10DEB0001ED45B46DB0416D45B469B040ED45B4643
:10DEC0005B0400D4BFE62D4800F0E0FD1C4CBAE630
:10DED0001C4CB8E60124264D644224E7284800F093
:10DEE000D5FD174CEBE7274800F0D0FD154CE3E7D4
:10DEF000254800F0CBFD254CDBE7254800F0C6FDAA
:10DF0000244CD3E7244800F0C1FD0E4CCBE7234856
:10DF100000F0BCFD0024C3E7214800F0B7FD084C29
:10DF2000BBE7204800F0B2FD064CB3E71E4800F006
:10DF3000ADFD1E4CABE71E4800F0A8FD1D4CA3E74D
:10DF400075ECFFFF6EECFFFF9C200110B02001106C
:10DF500080841E00B8250110E81F0110101E01105A
:10DF6000F41F0110102001102820011073ECFFFF96
:10DF7000FFFFFF7F8B130000C0200110342301102E
:10DF800008230110DC220110B02201106FECFFFF0A
:10DF90008422011076ECFFFF582201102C22011080
:10DFA00000220110D4210110A821011072ECFFFF02
:10DFB0007C2101106DECFFFF134800F067FD134C4E
:10DFC0005FE7134800F062FD104C56E7114800F07F
:10DFD0005DFD114C4DE7114800F058FD0B4C44E736
:10DFE000172E07D02A0031000D4800F04FFD082EF3
:10DFF00000D1BC620B4C2BE62A0031000A4800F02D
:10E0000045FD0A4C24E6C046502101106DECFFFF8F
:10E0100024210110F820011072ECFFFFCC20011028
:10E020007420011076ECFFFF502001106FECFFFF11
:10E03000F0B55746DE4680B51D00C36A06000F00E6
:10E04000140083B0002B00D1C0E02C239B46B344C6
:10E05000584602F099F83000FFF74EFA00230A9A6A
:10E0600012196B411900736A10008B4200D2B9E09B
:10E0700000D1B3E0F3699B0700D0B3E0B36A032B90
:10E0800001D063021C000A9B012B00D87CE0002316
:10E090002200122130000093FFF768FD041E44D1D6
:10E0A0000A9B9A46F5F78CFF0025534C24184D41E6
:10E0B000002D08DA64E0F5F783FF22002B00121A26
:10E0C0008B41002B40DDFF213000FFF74FFAFE2887
:10E0D000F1D180233A00002130009B00FFF740FA85
:10E0E00000283ED0FF213000FFF740FAFF21040254
:10E0F0003000FFF73BFA8021A4B2044389003800C6
:10E10000A4B200F0F7FB844200D06DE080239B00B6
:10E110009C4601235B4267449C46E2445346002BE5
:10E12000C0D10A9B012B3ED80024F36A002B1FD0DC
:10E13000584601F0F1FF3000FFF7F8F9200003B076
:10E14000C0BCBB46B246F0BD002B01D1002ABAD1FB
:10E150002A4800F09BFCCC2229492A48920000F072
:10E1600095FC0A9B012B28D8F36A274C002BDFD1A2
:10E17000BA21264B264A2248490000F0ADFCD7E7D9
:10E180000124244D64429EE7002322001121300027
:10E190000093FFF7EBFC041EC7D10A9B002B00D0B5
:10E1A0007EE70024C1E75346002200930C210023A0
:10E1B0003000FFF7DBFC0400B7E7002300220C214E
:10E1C00030000093FFF7D2FC0F4CAEE7B8210F4BA5
:10E1D000114A0B48490000F07FFC36E7336A83425E
:10E1E00000D347E70D4CA0E7030022000C490D487F
:10E1F00000F04CFCB5E7C04680841E00F41D011001
:10E20000101E0110701E011070ECFFFF6023011042
:10E21000D8250110FFFFFF7FF825011075ECFFFFE7
:10E22000A825011084230110F0B54746CE4680B5DD
:10E2300087B00393C36A040088460E9D0292002BA8
:10E2400000D187E02C239946A144484601F09CFF69
:10E250002000FFF751F9029803992A0000231218B1
:10E260004B41616A994200D280E000D17AE0E369D3
:10E270009B0700D07AE0A36A032B02D0029B5B02CB
:10E280000293012D51D0002701232A0017212000DD
:10E290000097FFF76BFC2000FFF700F9002319211E
:10E2A0002000029A0097FFF761FC061E15D0E36A72
:10E2B000002B32D0484601F02FFF2000FFF736F93F
:10E2C000300007B0C0BCB946B046F0BD80239B000B
:10E2D0009C46013DE044002D0AD0FC22414620002E
:10E2E000FFF7DAFB0528F1D00100214800F0CEFB52
:10E2F000FD212000FFF73AF9002320000593FFF7E6
:10E30000CDF805AB0093002200230D212000FFF77C
:10E310002DFCE36A0600002BCCD1BA21154B164A1E
:10E320001648490000F0D8FBC4E70023182120005C
:10E33000029A0093FFF71AFC061EB8D14146FE224E
:10E340002000FFF7A9FB01000528D5D00C4800F0FC
:10E350009DFBD1E7B821074B0A4A0848490000F065
:10E36000BBFB6FE7216A914200D380E7064E9EE730
:10E37000E823011060230110D8250110101E0110A0
:10E38000C4230110F825011075ECFFFFF0B5CE464F
:10E390004746060080B5C36A050087B02C36002BBF
:10E3A00000D130E1300001F0EFFE2B7B002B0CD0D0
:10E3B0000122D02329691B068A405B6813405A1E3C
:10E3C00093416A69934200D0E6E00223EA699A43E6
:10E3D0001300EA61DB0700D48DE000232800AB6264
:10E3E000FFF78AF82800FFF747F82800FFF7E0F862
:10E3F000AC4B0A279946AC4B05AC984617E0300069
:10E4000001F08AFE2800FFF791F80021A748F5F7F0
:10E41000E1FDEB6A002B00D179E0300001F0B4FEA1
:10E42000013F2800FFF768F8002F00D177E00023B4
:10E430000022002128000094FFF798FB059B012B88
:10E4400000D170E0EB6A002BD9D1BA214B4642468D
:10E450009748490000F040FBD1E7F5F7B1FD029A7B
:10E46000039B121A8B41002B00DCDBE001233A00F6
:10E47000292128000094FFF779FB059B8046DB07E4
:10E48000EBD44346002B00D0FEE0059B002B00D0D0
:10E49000B3E0AB6A022B00D1E4E001238548AB6214
:10E4A00000F0F4FA844800F0F1FA00230022092178
:10E4B00028000093FFF75AFB041E00D0B9E02800A3
:10E4C000FFF7CCF928626962084311D0802200234B
:10E4D0001021280000949200FFF748FB002800D08C
:10E4E000AFE02800FEF7B8FF0123EA699A43EA612A
:10E4F0002800FFF71BF8EB6A002B5DD0300001F01D
:10E500000BFEE86907B0C0BCB946B046F0BDB82103
:10E51000644B6A4A6648490000F0DEFA7DE7059BD5
:10E52000012B00D09AE0D52700237F003A00082174
:10E53000280000940593FFF719FB002844D0604B96
:10E5400098424FD1002301223B2100932800FFF77E
:10E550000DFB002300223A2128000094FFF706FB60
:10E5600000283FD1059BDB0200D497E0AB6A9F1ED9
:10E570007B425F41F5F724FD0023524ABF07801814
:10E58000594102900391002900DB6FE701224E4BB5
:10E5900052420292039369E70323EA694B4813430B
:10E5A000EB610023AB62F8F7B3FCEB699A0700D488
:10E5B00010E7EB6A002BA1D1BA213A4B3A4A3C480A
:10E5C000490000F089FA99E7AB6A022BBAD1059AA3
:10E5D00013051B0DBB42B5D039003D4800F056FA7B
:10E5E0000423AB623B4800F051FA2800FEF79EFF7F
:10E5F000EB6A002B00D081E7DEE704233648AB62EC
:10E6000000F044FA4EE73000F5F71AF9EB6A002BF8
:10E6100000D0C7E6B821234B284A2548490000F01E
:10E620005BFABFE6002B00D02BE7002A00D01DE7E5
:10E6300027E72A4800F02AFA002200232A626B62A8
:10E6400056E780212648890000F020FA2800FEF7CE
:10E650006DFFEB6A002B00D050E7ADE7214800F0DA
:10E6600015FABFE7002300223A2128000094FFF7A3
:10E670007DFA0028B6D1059B5B000BD503231A4811
:10E68000AB6200F003FA0DE704231348AB6200F01D
:10E69000FDF9A7E7154800F0F9F903E70423AB6299
:10E6A000A0E7C04660230110D8250110A086010014
:10E6B000101E0110E82401102C250110F82501106E
:10E6C00076ECFFFF80841E00FFFFFF7F0C2401100B
:10E6D00060240110102501108C2501104425011023
:10E6E0006C2501102424011088240110B02401108D
:10E6F00010B5037B002B0BD00122D02301691B0630
:10E700008A405B6813405A1E93414269934205D187
:10E710000223C2699A43C261012010BD0323C2696A
:10E720001343C361002383620248F8F7F1FB002022
:10E73000F3E7C0460C240110F0B5C36A040083B0AF
:10E74000002B32D027002C37380001F01DFD2000AF
:10E75000FEF7D2FE00230022092120000093FFF7DC
:10E7600005FA002811D12000FFF778F8E36A0600C7
:10E770000D00002B11D0380001F0CEFC2000FEF778
:10E78000D5FE3000290003B0F0BD0C4800F07EF942
:10E79000E36A00260025002BEDD1BA21084B094A77
:10E7A0000948490000F098F9E5E7B821044B074A09
:10E7B0000548490000F090F9C4E7C046442501101F
:10E7C00060230110D8250110101E0110F82501103A
:10E7D000F8B5DE4657464E464546374BE0B518007D
:10E7E0009B4601F0D1FC354B1B78002B55D1344BA7
:10E7F00000269A46334B9946334B984610E0237EC9
:10E80000002B34D101252B00A068D02783403F0680
:10E810007B61F4F791FCA36801369D407D627D61C8
:10E82000F4F776FAB04227D93000F4F773FAA92347
:10E83000524601259B00C561C2504A460433C2506E
:10E8400042460433C250037B0400002BD7D000693A
:10E85000F4F772FC002201212069F4F7C5FB23695B
:10E860009D40D0231B069D62237E002BCAD0617E73
:10E87000A068F4F7D3FBC5E7002507E02800F4F70C
:10E8800057FAFEF701FF041E12D00135F4F74EFAD5
:10E89000A842F3D80123094A1370584601F03CFC02
:10E8A00001242000F0BCBB46B246A946A046F8BDF4
:10E8B000584601F031FCF4E7A01E00208D380020FE
:10E8C0008DE3001029E2001031E0001010B500299E
:10E8D0000BDD030041180020054C1A784000504021
:10E8E0000133205C9942F8D110BD0020FCE7C046FE
:10E8F0000028011030B500290FDD02004418002067
:10E90000074D1178030A4B405B00EB5A0002584058
:10E91000013280B29442F4D130BD0020FCE7C04601
:10E920000026011010B5F4F7F5F9041E03D0FFF727
:10E93000DFFE207F10BD0420FCE7C04610B50400B8
:10E94000FFF746FF00280AD02000F4F7E3F900287B
:10E9500007D0A9239B00C3589847C0B210BD03201D
:10E96000FCE70420FAE7C046F0B583B00E001500BE
:10E970001C00F4F7CFF9002824D0089B2A0000934C
:10E98000AB239B00C75831002300B8470E4A030051
:10E9900090420CDA0D4A904214DA0D4A022093425A
:10E9A00003D00C4A0130934205DB03B0F0BD5A1E80
:10E9B0009341D8B2F9E7084A94466344012BF4D94D
:10E9C0000238F2E70420F0E777ECFFFF75ECFFFF79
:10E9D00072ECFFFF73ECFFFF90130000F0B583B003
:10E9E0000E0015001C00F4F795F9002824D0089BB0
:10E9F0002A000093AA239B00C75831002300B84780
:10EA00000E4A030090420CDA0D4A904214DA0D4A85
:10EA10000220934203D00C4A0130934205DB03B03D
:10EA2000F0BD5A1E9341D8B2F9E7084A94466344B0
:10EA3000012BF4D90238F2E70420F0E777ECFFFF6E
:10EA400075ECFFFF72ECFFFF73ECFFFF901300000B
:10EA500070B50C001500F4F75DF9002813D0012CF7
:10EA600005D0032C0BD0631E9C41A00070BDFFF7A6
:10EA700063FE03C5084343425841C0B2F6E7012391
:10EA800000202B60F2E70420F0E7C0460FB400231B
:10EA900030B5C3B046ACFC22002103A820CC0293C1
:10EAA000F6F79CFC802123002A00490002A801946B
:10EAB000F7F772FF02A90648F8F7B4FA054B1B688E
:10EAC000986800F04BFB43B030BC08BC04B018475A
:10EAD000002901105016002010B50C0082B019005A
:10EAE0000092230002000548F8F79CFA044B1B68CB
:10EAF000986800F033FB72B600BEFDE704290110F0
:10EB00005016002000B583B0082200216846F6F7B1
:10EB100065FC684600F032F9002826D06B46F022EA
:10EB200018889B78520444305B0513404006184314
:10EB300007226B469A56D30F9B189B06DB0E184391
:10EB40006B46F822DB7852031B04134018436B46D4
:10EB50005B79FC22DB061B0C18436B469B79D200C9
:10EB60005B011340184303B000BD0020FBE7C04623
:10EB7000F0B557468246454B454653445A425341A9
:10EB80008022DE464E46920294465B42E0B51B0C64
:10EB90003F4A1B04634413603E4A0D003E4985B062
:10EBA000136018000A689043FBD181460620F5F7F0
:10EBB000C7FB53465A6802231A40019252468021ED
:10EBC00004320292354AEF0D52446E0213600392F2
:10EBD0003B0032000224490006E0904206D3023492
:10EBE00092197B418C4201D0002BF6D02B0080265D
:10EBF0002702A0463F1B05001C00760003E04346A9
:10EC0000FF1A012E3DD039002800B346013EF5F72A
:10EC100043FD8442F3D2444659463302A8469946FE
:10EC2000614353464A461C611B6880255340FF22BE
:10EC3000120213408022920194466D0155442B60CC
:10EC4000029B019A63441A60524650680222039C58
:10EC5000072622605446246810406640CF24344082
:10EC60002C60032418600E485044046040461A602B
:10EC7000F5F712FD05B0F0BCBB46B246A946A0466A
:10EC8000F0BD44461900A846CBE7C0460040FCBF93
:10EC900000E0004000F0004008C0004004300000E8
:10ECA00024200000F0B557464E464546DE468146D4
:10ECB000E0B5062083B00D00F5F742FB4B465A68DD
:10ECC00002231A400192042280214A449246224A99
:10ECD000EF0D4A446E021360804632003B0002246E
:10ECE000490006E0904506D3023492197B418C42DC
:10ECF00001D0002BF6D0802627023F1B760002E0D1
:10ED00003F1B012E24D039004046B346013EF5F7A3
:10ED1000C3FCA842F4D95946614336024B461C61F4
:10ED20001B6880205E40FF231B021E408023019A47
:10ED300040019B0148445344066040461A60F5F781
:10ED4000ABFC03B0F0BCBB46B246A946A046F0BD42
:10ED500021000026E2E7C0460430000000B5054B64
:10ED600083B00100009300220B230348F4F73EFA1E
:10ED700003B000BD402901108A3800200F4B30B588
:10ED8000DA68920718D5D9699C694B015B0F03714A
:10ED90001F230A0C1A4042713F220D0A15400A40F7
:10EDA000C2712202120D02802205120F23408571CA
:10EDB0008270C370012030BD0020FCE700C0054018
:10EDC000F0B557464E464546DE4690460022E0B531
:10EDD00083B01E000CAB1B7884469A460368DA6643
:10EDE00001325960DA66002E4FDD51464A40520228
:10EDF00001928022914632008025771E00204646EF
:10EE000010219046AD000024002804D162461479F8
:10EE1000621E9441A4020022934687421AD0325CBB
:10EE200022435C4622431A615A6B1142FCD04A4687
:10EE30009C58002C11D1874222D001308045E2D16C
:10EE4000634652461A7103B0F0BCBB46B246A946AF
:10EE5000A046F0BD019A9346E1E75A6D0122934620
:10EE60005A6B2A42FCD01A6E5A46002AE5D0002C72
:10EE700003D0E30701D42307E2D401204042DFE7B7
:10EE80005246002AD9D1D346EAE70020D8E7C04647
:10EE9000F8B5DE4657464E4645468346E0B5052062
:10EEA0000C00F5F74DFA0600600821008019F5F70F
:10EEB000F3FB430098468044070005214046F5F7E0
:10EEC000EBFB3B1A9A461E4B8146700080199C4210
:10EED00031D81C49F5F7E0FB451C5B461C68002354
:10EEE0000422E366236801205A400623134080224F
:10EEF0005201A21813605346E3614B462362434616
:10EF00004F2B03D950214046F5F7C6FBA023E05014
:10EF1000E06F0D4B45402D042D0CE3181D600123BF
:10EF200039003000E366F5F7B7FBF0BCBB46B246EC
:10EF3000A946A046F8BD0549F5F7AEFB451CCCE750
:10EF40003F420F00809698007C10000040787D01C1
:10EF5000104A70B5821A53425A41072352429A43CB
:10EF60000D4B10321A600D4B0D4C1A6015002368C2
:10EF70009D432B1EFAD166240268FF340571D566C5
:10EF80001460633C8833FF3CD5639563D450FFF72E
:10EF90007FFF70BD3C16002000E0004000F0004004
:10EFA00008C0004010B582B004AC24780094FFF78C
:10EFB00007FF02B010BDC04601230121084A1360BB
:10EFC000084A1360084A080013689843FBD1074AAF
:10EFD00011608021490013680B42FCD07047C04685
:10EFE00000E0004000F0004008C0004000C00440C5
:10EFF000F0B5C6460C0000B5A28980460C23C95E58
:10F0000013074CD4802362681B010B43A381002AA1
:10F0100066DDA66A002E3ED04246414615680022B3
:10F020000A609AB2DB0460D4012300224046E16901
:10F03000B047431C68D0A289A66A530706D5636807
:10F04000C01A236B002B01D0E36BC01A002302000F
:10F05000E1694046B047431C49D143461B68002B39
:10F0600045D01D2B01D0162B57D1A3892F4A134011
:10F07000A38100236360236923604346216B1D60E5
:10F08000002908D023004033994202D0404600F0C6
:10F0900001FA00232363002080BCB846F0BD266936
:10F0A000002EF8D0236826609D1B0023920700D114
:10F0B0006369A360002D04DCEDE736182D1A002DDE
:10F0C000E9DD2B0032004046E169676AB847002855
:10F0D000F3DC40220120A38940421343A381DBE7F4
:10F0E000E26B002A00DD94E7D5E7206DA5E7A38950
:10F0F0000E4A13400022626022691BB2A381226083
:10F10000DB04BAD52065B8E743461B68002B00D165
:10F1100091E71D2B06D0162B04D04022A389134360
:10F12000A381B9E7434600201D60B5E7FFF7FFFF65
:10F1300070B504000D00002802D0836B002B09D0AD
:10F140000C22AB5E0020002B03D029002000FFF72B
:10F150004FFF70BD00F028F9F2E7C04670B5041EFD
:10F160001AD0104B1D68002D02D0AB6B002B0AD0BB
:10F170000C22A35E0020002B00D170BD21002800CE
:10F18000FFF736FFF9E7280000F00EF90C22A35E26
:10F190000020002BF1D0F1E7034B0449186800F080
:10F1A0007BFAEAE7501600206029011031F10010C7
:10F1B0000020704710B5024900F06EFA10BDC0463D
:10F1C0004D00011000207047F0B5D6464F46464628
:10F1D000304BC0B5C363B823002403229B00C45046
:10F1E00004334568C2500833C218043BC2500600BD
:10F1F000042328006C662C606C60AC60EB602C61B2
:10F200006C61AC61082200215C30F6F7E7F8224B14
:10F21000224F9A462B62224BEF6299466B62214B3A
:10F22000ED61AB62B568984628001F4B6C662C6098
:10F230006C60AC60EB602C616C61AC6108220021F9
:10F240005C30F6F7CBF853462B624B466B62434675
:10F25000EF62AB62ED61F568144B2800EB606C6601
:10F260002C606C60AC602C616C61AC610822002188
:10F270005C30F6F7B3F853462B624B466B6243465D
:10F28000AB620123EF62ED61B363E0BCBA46B14605
:10F29000A846F0BDB5F10010F1FC001089FD00108A
:10F2A0001DFD00105DFD00100900010012000200AC
:10F2B00070B568254A1E55430E002900743100F0D0
:10F2C00023FA041E09D000232A00036046600C3094
:10F2D0000021A0606832F6F781F8200070BDC046BA
:10F2E000F0B5C646284B07001E6800B5B36B002B6F
:10F2F0002DD0B8239B009C4604239846664473682F
:10F30000B468013B03D51DE06834013B1AD30C22DD
:10F31000A55E002DF8D120001C4B08220021656657
:10F3200025606560A560E36025616561A5615C306D
:10F33000F6F754F8256365636564A564200080BC16
:10F34000B846F0BD3568002D05D02E00D7E7300057
:10F35000FFF73AFFCDE7D6213800490000F0D4F995
:10F36000041E0DD04346D0220560250043600C30BA
:10F370000021A0605200F6F731F834602E00BEE79D
:10F380000C2330603B60D9E7602901100100FFFFCA
:10F3900010B5034B0349186800F07EF910BDC04654
:10F3A000602901104D000110836B10B5002B01D1B5
:10F3B000FFF70AFF10BDC0467047C0467047C04601
:10F3C0007047C0467047C04610B5034B03491868E4
:10F3D00000F042F910BDC04650160020B1F10010F7
:10F3E00010B5034B0349186800F036F910BDC0464C
:10F3F00050160020C5F10010F8B50C00050000F013
:10F4000061FC204FBB685E6803239E431E4B341B88
:10F410009C466444240B013C113324039C4207DBCB
:10F420000021280000F052FCBB689B19984204D0D0
:10F43000280000F049FC0020F8BD2800614200F0DF
:10F4400045FC431C0DD00122BB68361B16435E6091
:10F450000E4B28001A68141B1C6000F035FC0120BC
:10F46000EAE70021280000F031FCBA68831A0F2B6C
:10F47000DEDD07490968401A0449086001210B4391
:10F480005360D5E7881A0020EF0F000010270020F6
:10F49000801A0020F0B5C64605000C0000B5002912
:10F4A0004FD000F00FFC210008394C6801262200E3
:10F4B0000320B2438F187B68834362489846836871
:10F4C000BB426AD043467B6026421ED108239C463D
:10F4D0000C688444091B12198C6864454FD0CB68B2
:10F4E000E3609C604346FC186468344211D1BB68F9
:10F4F000554C4244A34200D17EE0FC68DC60A3602E
:10F50000012313434B608A5006E0FC1864683442C0
:10F51000EDD016434E603A6080239B009A4213D28E
:10F520005409D3080122A2404468DB002243426010
:10F5300018188368C8608B608160D960280000F06B
:10F54000C3FB80BCB846F0BD530A042B3ED89409D7
:10F55000260039343836E40004192368083C0327B0
:10F560009C4242D05868B843904202D99B689C4262
:10F57000F8D1DC68CC608B60A160D960DEE74346DF
:10F58000F8184068304257D1FB68B86842441643C7
:10F59000C36098604E608A50D0E71300434426420F
:10F5A00006D10A68891A8C689B18CA68E260946060
:10F5B00001221A434A60254A816012689A42BDD8E6
:10F5C000234B28001968FFF717FFB7E7142B07D95B
:10F5D000542B1AD8140B26006F346E36E400BBE7A8
:10F5E0001E005C335B36DC00B6E70122B610B24089
:10F5F000466832434260BDE7D9609960CB608B605A
:10F60000012313434B608A5098E7AA246400A34265
:10F6100005D8D40B260078347736E4009CE70D4CEF
:10F62000A34205D8940C26007D347C36E40093E791
:10F63000FE247E26A4008FE7330013434B603A601C
:10F640007CE7C046881A0020901A0020841A002007
:10F650000C27002054050000F0B5C646B8238846A4
:10F66000002600B59B00C7187B68BC685D1E0CD4E3
:10F67000A389012B06D90E22A35E013302D02000FC
:10F68000C04706436834013DF2D23F68002FEBD1FA
:10F69000300080BCB846F0BDF8B54746CE4680B5D0
:10F6A000B827804689460026BF0047447B68BC686F
:10F6B0005D1E0DD4A389012B07D90E22A35E013351
:10F6C00003D021004046C84706436834013DF1D2CB
:10F6D0003F68002FEAD13000C0BCB946B046F8BD43
:10F6E00010B5034B0100186800F00EF810BDC046BD
:10F6F0005016002010B5034B01001868FFF7CAFE32
:10F7000010BDC04650160020F0B54E464546DE46B8
:10F710005746E0B50D000B35060083B0162D22D8F4
:10F72000102900D9B2E000F0CDFA102518230220EC
:10F73000CC4FFB181A005C68083A944200D1B5E03F
:10F74000032362689A431300E268A168CA6091606B
:10F750000122E318596830000A435A6000F0B4FAF5
:10F760002000083095E007239D4300D58EE0A94294
:10F7700000D98BE000F0A6FAFC235B009D4200D28A
:10F78000A1E1680A00D18BE0042800D974E1382394
:10F790009846A80980443930C100B24F79184C68A6
:10F7A0000839A1420ED003239C4604E0002ACBDA9C
:10F7B000E468A14206D06246636893435A1B0F2A4D
:10F7C000F4DD40463A003C690832944200D178E0CA
:10F7D00003236168994389460B00491B0F2900DD0B
:10F7E00075E17A613A610029B2DA8022920091458E
:10F7F00000D310E15909DA0801238B40D20079685F
:10F80000D2190B4391687B60E260A1609460CC6088
:10F81000012182109140994259D80B4205D103220F
:10F820009043490004300B42FBD003239846C300A9
:10F830009946B944CC4682466346DC68A44507D164
:10F8400026E1002A00DB2FE1E468A44500D11FE196
:10F850004246636893435A1B0F2AF2DD012080461B
:10F86000611905436560A068E5680837C560A86050
:10F8700040461043F960B9604860CF6030008F6047
:10F88000E25000F021FA2000083002E00C230020B2
:10F89000336003B0F0BCBB46B246A946A046F0BDFB
:10F8A00080213F2340209846890076E7DC680230BB
:10F8B000A34200D044E73A003C690832944200D0A9
:10F8C00086E701217B68821091409942A5D90323E4
:10F8D000BC6862689A439146954203D8531B0F2B2C
:10F8E00000DD8AE023004B445F4A01935F4B93465F
:10F8F0009A4612681B68EB18013200D136E15C4A67
:10F90000944663441B0B1B0300933000009900F0E6
:10F91000DDF903008046013300D1F3E0019B83420F
:10F9200000D9EDE0524600985268030094465146D3
:10F9300063444B6001991A00414500D14BE15B469D
:10F940001B68013300D150E1434601995B1A9A18B4
:10F9500053465A600723424641461A4001921942D3
:10F9600000D10DE108239846881A424B0099804443
:10F9700041449B1A5B1A1B051B0D009130001900B6
:10F980009B4600F0A3F9431C00D14AE14346C01A4C
:10F9900003005B440093534652465B6801215B447D
:10F9A000536042464046BA60009A0A434260BC42F5
:10F9B00000D11EE14A460F2A00D81CE107200C3A6C
:10F9C000824360680140052011436160A1184860CE
:10F9D00088600F2A00D92FE14246444652685146BA
:10F9E000C96A994201D25146CB625146096B99428C
:10F9F00000D389E051460B6386E0012229001343BE
:10FA00001143651961603000BD606B6000F05CF906
:10FA1000200008303DE75A0A042A6BD9142A00D97D
:10FA2000BEE011005C325B31D20008235B429C4691
:10FA3000BA18944463469A6803239846944500D1C3
:10FA400097E0434651689943494502D992689445E5
:10FA5000F7D1D3689C467B686146A260E1608C6008
:10FA6000D460D5E6881A0020801A00200C270020D8
:10FA70000F10000008100000142852D9542800D993
:10FA800096E06E239846280B80446F30C10084E6D0
:10FA900008239B46073BDC449B46DA4443465246D8
:10FAA000134200D0C8E64CE00122E3185968300048
:10FAB0000A435A60E368A268D3609A6000F004F9D0
:10FAC00020000830E5E62B00E808083330E6012383
:10FAD00060191D43656078613861C26082601A00F8
:10FAE0004B460A4342603000E15000F0EDF8200040
:10FAF0000830CEE69A09110039323831D20094E745
:10FB0000BC4260D0BC68626803239A43531B954291
:10FB100002D80F2B00DD70E7300000F0D5F8002090
:10FB2000B7E65B23984680445C30C10035E6082385
:10FB30005B429C46E1444B469B6801384B4500D0F4
:10FB400097E043460342F2D17B688B437B604900D8
:10FB5000994200D9BBE6002904D1B8E604229446B4
:10FB60004900E2440B42F9D0504660E6103300935E
:10FB7000CBE68910023B8B4079680B437B606BE7D7
:10FB8000009B300043445B421B051B0D19009B4644
:10FB900000F09CF8431C00D0F8E600239B46FAE6F0
:10FBA000542A2AD81A0B11006F326E31D2003CE76A
:10FBB000AA235B0098422AD8DD3B9846E80B804494
:10FBC0007830C100E9E553465B68009A9C4653468D
:10FBD00062445A60B3E6090500D0B0E60200BC6892
:10FBE0004A4401310A436260F9E65B4642461A60C4
:10FBF000B0E64446F3E641608EE7AA2149008A4216
:10FC000024D8DA0B110078327731D2000DE71A4B85
:10FC1000984224D87C239846A80C80447D30C100AB
:10FC2000BBE5009A019B94464246083B63449B1AFD
:10FC3000009300239B46AEE6210030000831FFF719
:10FC400029FC5346BC685B686268C8E60A498A4278
:10FC50000BD89A0C11007D327C31D200E5E6FE21F2
:10FC60007E237F209846890097E5FE227E21920020
:10FC7000DBE67B686BE7C0465405000030B5032A1D
:10FC80000CD903000B439B0719D103680C68A342EE
:10FC900015D1043A04300431032AF6D8551E002A3F
:10FCA0000BD0002303E05A1C9D4206D01300C25C17
:10FCB000CC5CA242F7D0101B00E0002030BD551EE6
:10FCC000EFE7C0467047C0467047C046002370B596
:10FCD000064D040008002B60F6F796FE431C00D08A
:10FCE00070BD2B68002BFBD02360F9E74027002074
:10FCF00070B50C000E25495F00F0F8F9002803DB11
:10FD0000236D1B18236570BDA389024A1340A3818C
:10FD1000F9E7C046FFEFFFFF00207047F8B50C0081
:10FD20001F000C23C95E05001600CB050AD40A4B40
:10FD3000320019402800A1810E23E15E3B0000F053
:10FD400027F9F8BD0E23E15E0022022300F0BAF984
:10FD50000C23E15EEBE7C046FFEFFFFF70B50C0040
:10FD60000E25495F00F0AEF9431C06D08023A2891E
:10FD70005B011343A381206570BDA389014A134031
:10FD8000A381F9E7FFEFFFFF10B50E23C95E00F076
:10FD900013F910BDCAB2F0B5002A35D00324830789
:10FDA0002DD1FF2529400D0229430D040D432900C3
:10FDB0000468264E61408B198B43A119A143244E40
:10FDC0000B43334211D14168204F0C00CB196C40DA
:10FDD0008B43E119A1430B4304303342F3D0037842
:10FDE000002B05D09A4204D001300378002BF9D1C2
:10FDF0000020F0BD9342FCD001302042D1D00378E6
:10FE0000002BF7D10020F4E7830708D0032202E09B
:10FE10000130104203D00378002BF9D1E9E70268E2
:10FE20000A4B0B49D31893430B4206D14268074B48
:10FE30000430D31893430B42F8D00378002BD8D06A
:10FE400043780130002BFBD1D3E7C046FFFEFEFE16
:10FE50008080808010B583070AD00300032102E070
:10FE600001330B4205D01A78002AF9D1181A10BDB7
:10FE7000030019680C4A0D4C8A188A4322420FD19C
:10FE80005968094A04338A188A43224208D15968BA
:10FE9000054A04338A188A432242F1D000E0013334
:10FEA0001A78002AFBD1E1E7FFFEFEFE8080808009
:10FEB00030B5002A26D003000B439B0724D1032A28
:10FEC00022D9164D0BE0043A002A1BD0144C1C1901
:10FED0009C432C4216D104300431032A14D9036800
:10FEE0000C68A342EFD004780D78AC4213D1012303
:10FEF00006E0C45CCD5CAC420DD10133934201D02D
:10FF0000002CF6D1002030BD04780D78A54202D136
:10FF1000012AECD1F6E7601BF5E7C04680808080BF
:10FF2000FFFEFEFEF0B50C00044303000700A4072B
:10FF300012D1032A10D9144CA44667460D68134CFD
:10FF40001E002C19AC433C421BD10433043A1F0061
:10FF500004313560032AF0D80024BE1806E00D5D98
:10FF6000013A3D55B31A0134002D02D0002AF6D1D2
:10FF7000F0BD0021002AFBD0197001339E42FBD155
:10FF8000F6E71F00E8E7C04680808080FFFEFEFEA7
:10FF900070B50400080011001A000023054D2B6005
:10FFA000F6F75EFD431C00D070BD2B68002BFBD024
:10FFB0002360F9E740270020002370B5064D0400B8
:10FFC00008002B60F6F75EFD431C00D070BD2B6867
:10FFD000002BFBD02360F9E74027002070B50C0010
:10FFE0000500FFF705F8E36A0600002B04D028009F
:10FFF000E169984700281EDBA3891B0620D4216BEA
:020000041001E9
:10000000002908D023004033994202D02800FFF78E
:1000100041FA00232363616C002904D02800FFF714
:1000200039FA00236364FFF7C7F90023A381FFF7C0
:10003000C5F9300070BD0126A38976421B06DED5C6
:1000400028002169FFF726FAD9E7C04670B50500F8
:100050000C1E08D0002802D0836B002B0AD00C2283
:10006000A35E002B01D1002070BD21002800FFF706
:10007000B5FFF9E7FFF798F90C22A35E002BF2D049
:10008000F3E7C04670B5041E0AD00D4B1D68002D65
:1000900002D0AB6B002B0AD00C22A35E002B01D147
:1000A000002070BD21002800FFF798FFF9E7280025
:1000B000FFF77AF90C22A35E002BF1D0F2E7C046DD
:1000C0005016002070B50400080011001A0000232B
:1000D000054D2B60F6F7DAFC431C00D070BD2B6891
:1000E000002BFBD02360F9E74027002070B5040007
:1000F000080011001A000023054D2B60F6F79EFC46
:10010000431C00D070BD2B68002BFBD02360F9E7A7
:1001100040270020F8B5C04601B40248844601BC1F
:10012000604700BF7102002001B40248844601BC50
:10013000604700BF7D05002001B40248844601BC31
:10014000604700BF7D05002001B40248844601BC21
:10015000604700BF3105002001B40248844601BC5D
:10016000604700BFBD04002001B40248844601BCC2
:10017000604700BFD501002001B40248844601BC9D
:10018000604700BF4503002001B40248844601BC1B
:10019000604700BF8D010020C1440010ED440010F5
:1001A00039460010CD530010DD4C001011530010E3
:1001B0006145001009450010294500103D4500101B
:1001C000E937001045450010953B001089440010A8
:0801D000BD320010FD02001019
:1001D800736F6D65206B696E64206F662065766548
:1001E8006E7420746F2063616C6C6261636B0D00C8
:1001F8002A5345454B2025640D0A00002A524541E3
:100208004420633D256420683D256420733D2564B2
:100218000D0A00002A575249544520633D256420A1
:10022800683D256420733D25640D0A002A45525215
:100238004F522C206F7065726174696F6E5F6964CC
:100248003D25640D0A00000049424D20313133300C
:10025800000000000D0A2A2A2A2A2A2A2A2A2A2ADB
:100268002A2A2A20524B303520456D756C61746FEF
:10027800722053544152545550202A2A2A2A2A2A95
:100288002A2A2A2A2A2A2A00202A6770696F2069BE
:100298006E697469616C697A65640000202A7370FC
:1002A8006920696E697469616C697A65640D00001A
:1002B800202A736F66747761726520696E7465723F
:1002C8006E616C2073746174657320696E697469FA
:1002D800616C697A65640000202A66706761207223
:1002E800656769737465727320696E697469616C96
:1002F800697A656400000000202A456D756C617498
:100308006F7220736F667477617265207665727399
:10031800696F6E2025642E25640D0A00202A465038
:1003280047412076657273696F6E2025642E2564B7
:100338000D0A0000202A426F61726420766572738C
:10034800696F6E2025640D0A00000000202A52659E
:10035800616C206D6F6465206F7065726174696F80
:100368006E0D0000202A5669727475616C206D6FDD
:100378006465206F7065726174696F6E0D000000AE
:100388005669727475616C2032333135204361725D
:1003980074726964676520466163696C6974792061
:1003A8005354415254494E47000000006D61696E34
:1003B800206C6F6F702025642C2044726976655F0D
:1003C80041646472657373203D2025642C20524C6F
:1003D800535425782C2043796C696E646572203DEE
:1003E8002025642C207265673030203D2025780D4B
:1003F8000A0000002020426567696E206C6F6767FD
:10040800696E67206576656E74730D0020205374DD
:100418006F70206C6F6767696E67206576656E74AC
:10042800730D000064657465637465640000000002
:100438004443204C6F7700002323234552524F52E8
:100448002C204443204C6F77206465746563746581
:10045800642E0D00444320566F6C746167652072EA
:100468006573746F7265642E0D0000005350492047
:10047800435300002F31333537393B3D3F41434526
:1004880047494B4D4F5153555800000008005250F2
:100498008A29250009005250000002007404011046
:1004A8004552524F523A00002020232344495350CA
:1004B8004C4159204552524F523A20222573222C42
:1004C80020222573220D0A005374617475733A0053
:1004D8002020444953504C415920535441545553BA
:1004E8003A20222573222C20222573220D0A00008F
:1004F8005669727475616C00323331350000000042
:1005080043617274726964676500000046616369DB
:100518006C69747900000000526573657474696EC3
:1005280067205265616479204F6E6C7920696E206E
:1005380069646C652073746174650D005377697420
:10054800636820746F67676C65642066726F6D20DE
:10055800554E4C4F414420746F204C4F41440D0080
:10056800202044726976655F416464726573732004
:100578003D2025642C20524C535425782C2025648A
:100588002C2025640D0A0000436172642070726596
:1005980073656E742C206D6963726F5344206361B8
:1005A80072642064657465637465640D00000000FE
:1005B8006D6963726F5344002A2A2A204552524FAC
:1005C800522C206D6963726F5344206361726420FA
:1005D8006973206E6F7420696E7365727465640D3B
:1005E80000000000696E73657274656400000000A5
:1005F8006E6F206D6963726F534400002A2A2A20A7
:100608004552524F522C20636F756C64206E6F7484
:1006180020696E697420616E64206D6F756E742038
:100628006D6963726F53442066696C65737973747E
:10063800656D0D0066696C6573797374656D2073FB
:100648007461727465640D0073746172746564001A
:1006580066696C6573797374656D00002A2A2A20AF
:100668004552524F522C2066696C655F6F70656EFB
:100678005F726561645F6469736B5F696D6167650B
:10068800206661696C65640D000000006469736B25
:1006980020696D616765000063616E6E6F74206F1D
:1006A80070656E004469736B20696D6167652066CB
:1006B800696C65206973206F70656E0D000000001D
:1006C8006973206F70656E00696D61676520666982
:1006D8006C65000052656164696E6720696D6167C9
:1006E800652066696C65206865616465720D000047
:1006F8002A2A2A204552524F522C2070726F626C5F
:10070800656D2072656164696E6720696D616765F2
:100718002066696C65206865616465720D0000007B
:10072800696D616765206865616465720000000035
:1007380063616E6E6F742072656164002A2A2A20D4
:100748004552524F522C20696E76616C696420665E
:10075800696C6520747970650D00000066696C65C8
:100768002074797065000000696E76616C696400B8
:100778002A2A2A204552524F522C20696E76616CE3
:1007880069642066696C652076657273696F6E0DA1
:100798000000000066696C65207665720000000044
:1007A8002A2A2A204552524F522C20426F617264E5
:1007B8002056657273696F6E2025642063616E6EC2
:1007C8006F7420737570706F727420256420736560
:1007D80063746F72732E0D0A0000000073656374F2
:1007E8006F7273003E206D6178000000496D61678B
:1007F800652066696C65206865616465722072654C
:100808006164207375636365737366756C6C790DC9
:10081800000000004D6F76696E672074686520617E
:1008280063747561746F7220746F20636C6F736585
:100838002074686520646F6F720D00006D696372C3
:100848006F534420646F6F7200000000436C6F7335
:10085800696E6700446F6F7220636C6F7365640D17
:100868000A52656164696E67206469736B20696DFB
:1008780061676520646174612066726F6D206669C6
:100888006C650D0052656164696E67002A2A2A202A
:100898004552524F522C2070726F626C656D2072F7
:1008A800656164696E67206469736B20696D61674F
:1008B80065206461746100004469736B20696D612F
:1008C8006765206461746120726561642073756373
:1008D8006365737366756C6C790D0000726561648D
:1008E800204F4B00496D61676520646174610000A9
:1008F8002A2A2A204552524F522C2070726F626C5D
:10090800656D20636C6F73696E67206469736B2013
:10091800696D61676520646174612066696C650052
:1009280063616E6E6F7420636C6F73650000000006
:100938004469736B20696D61676520646174612027
:10094800726561642C2066696C6520636C6F7365E1
:1009580064207375636365737366756C6C790D00D9
:1009680052657175657374656420756E6C6F61642A
:1009780020776974686F75742072756E6E696E671A
:100988000D0000005465726D696E6174696E6720B0
:100998006C6F61646564206361727420647565209E
:1009A800746F20706F776572206661696C75726507
:1009B8000D000000556E726571756573746564206D
:1009C800756E6C6F61642064756520746F20706F3C
:1009D800776572206661696C0D000000526571755B
:1009E800657374656420756E6C6F61640D0000003A
:1009F80043617274726964676520776173207265F8
:100A080061642D6F6E6C790D0000000066696E6977
:100A1800736865642066696C65206F70656E206612
:100A28006F722077726974652C20636F6465202566
:100A3800640D0A002A2A2A204552524F522C206659
:100A4800696C655F6F70656E5F77726974655F6406
:100A580069736B5F696D616765206661696C656460
:100A68000D0000006F70656E206661696C6564003A
:100A78006F70656E00000000496D616765206669EA
:100A88006C6500002A2A2A204552524F522C2077A2
:100A9800726974655F696D6167655F66696C655FDA
:100AA800686561646572206661696C65640D000043
:100AB8007772697465206661696C00004469736BBC
:100AC80020696D6167652068656164657220777269
:100AD800697474656E0D000057726974696E6700F9
:100AE8002A2A2A204552524F522C2077726974655F
:100AF8005F6469736B5F696D6167655F6461746189
:100B0800206661696C65640D000000004469736BC0
:100B180020696D616765206461746120777269740A
:100B280074656E0D00000000636C6F73652066616C
:100B3800696C00004469736B20696D6167652064A6
:100B48006174612077726974652C2066696C652010
:100B5800636C6F736564207375636365737366751F
:100B68006C6C790D000000004F70656E696E67004F
:100B78004D6F76696E67207468652061637475616E
:100B8800746F7220746F206F70656E2074686520B2
:100B9800646F6F720D000000737461746520524CAD
:100BA8005354313520647269766520646F6F722002
:100BB8005B25645D0D0A0000446F6F72206F7065DD
:100BC8006E0D0000646F6F72206F70656E0000001C
:100BD8004469736B20696D616765206E6F74207757
:100BE80072697474656E206261636B0D00000000A9
:100BF8002A2A2A204552524F522C20696E76616C5F
:100C080069642072756E5F6C6F61645F7374617480
:100C1800653A2025780A0000861A0010101A00107C
:100C2800481900108C150010B4180010C61A0010CE
:100C3800A0190010501A00104C180010DC190010F0
:100C48008C1500108C1500108C1500108C150010D8
:100C58008C1500108C150010881800107C190010D5
:100C680016180010E0170010A41700105C170010E9
:100C78008C1500108C1500102A170010BE160010D5
:100C88007E160010FE1600105016001018160010E0
:100C9800E4150010B8150010961500102A2A2A200D
:100CA8004552524F522C20636F756C64206E6F74DE
:100CB80020696E697469616C697A65206D6963720F
:100CC8006F534420636172640D0000006D696372A4
:100CD8006F534420636172640000000063616E6EAC
:100CE8006F7420696E69740066696C655F6F706502
:100CF8006E5F726561645F6469736B5F696D61677C
:100D0800650D0000303A00002A2A2A204552524F29
:100D1800522C20636F756C64206E6F74206D6F7534
:100D28006E742066696C6573797374656D2062658D
:100D3800666F7265206F70656E20666F72207265CF
:100D4800616420282564290D0A00000063616E6E25
:100D58006F74206D6F756E74000000003F2A2E645A
:100D6800736B00002A2A2A204552524F522C206EBB
:100D78006F206469736B20696D6167652066696CB3
:100D88006520617661696C61626C6520282564293B
:100D98000D0A0000696D61676520666F756E6400F5
:100DA8006E6F206469736B002A2A2A204552524FBD
:100DB800522C20636F756C64206E6F74206F7065A1
:100DC8006E206469736B20696D6167652066696C64
:100DD8006520666F72207265616420282564290D7C
:100DE8000A00000066696C655F6F70656E5F7772F8
:100DF8006974655F6469736B5F696D6167650D0030
:100E08002A2A2A204552524F522C20636F756C644F
:100E1800206E6F74206D6F756E742066696C6573D3
:100E2800797374656D206265666F7265206F706591
:100E38006E20666F72207772697465202825642990
:100E48000D0A00002A2A2A204552524F522C2063AC
:100E58006F756C64206E6F74206F70656E206469A6
:100E6800736B20696D6167652066696C6520666FC4
:100E78007220777269746520282564290D0A00009C
:100E88004552524F523A20436F756C64206E6F740E
:100E980020636C6F73652066696C6520282564295A
:100EA8000D0A00002A2A2A204552524F522C20634C
:100EB8006F756C64206E6F7420756E6D6F756E74CF
:100EC8002066696C6573797374656D2028256429BB
:100ED8000D0A000063616E277420756E6D6F756E64
:100EE800740000002323234552524F522C2048659A
:100EF8006164657220646174612072656164206553
:100F080072726F722066723D25642C206E723D25C8
:100F1800750D0A002323234552524F522C20486551
:100F280061646572206461746120777269746520F8
:100F38006572726F722066723D25642C206E773D53
:100F480025750D0A0000000052656164696E67200E
:100F58006865616465722066726F6D2066696C658C
:100F680020272573270D0A00636F6E74726F6C6CEF
:100F78006572203D2025730D0A00000062697452D5
:100F8800617465203D2025640D0A00006E756D6250
:100F980065724F6643796C696E64657273203D2093
:100FA80025640D0A000000006E756D6265724F665B
:100FB800536563746F7273506572547261636B200A
:100FC8003D2025640D0A00006E756D6265724F66DE
:100FD8004865616473203D2025640D0A0000000007
:100FE8006D6963726F7365636F6E64735065725376
:100FF8006563746F72203D2025640D0A00000000AF
:1010080057726974696E67206865616465722074D7
:101018006F2066696C6520272573270D0A0000007C
:1010280052656164696E67206469736B20646174DA
:10103800612066726F6D2066696C652027257327AD
:101048000D0A0000202025730D0A00002063796C2A
:10105800696E646572733D25642C206865616473EC
:101068003D25642C20736563746F72733D25640D90
:101078000A000000202063796C696E646572636FF2
:10108800756E74203D2025640D0A00002043796C9C
:101098002025640052656164206361726400000069
:1010A8002323234552524F522C20496D61676520F6
:1010B800646174612072656164206572726F722068
:1010C80066723D25642C206E723D25750D0A000060
:1010D80057726974696E67206469736B20696D6102
:1010E8006765206461746120746F2066696C65208F
:1010F800272573273A0D0A0043796C2025640000E0
:101108005772697465206361726400002323234564
:1011180052524F522C20496D616765206461746199
:10112800207772697465206572726F722066723DED
:1011380025642C206E773D25750D0A007373643184
:101148003330365F77726974650000005B25735D24
:101158002061646472206E6F742061636B6E6F77B8
:101168006C6564676564210A000000005B25735D97
:101178002074696D656F7574210A0000737364319A
:101188003330365F73686F77000000000805012070
:101198007E000000000000005F000000070007005C
:1011A800147F147F14242A7F2A12231308646236BA
:1011B800495620500008070300001C224100004146
:1011C800221C002A1C7F1C2A08083E080800807080
:1011D80030000808080808000060600020100804B3
:1011E800023E4141413E00427F4000724949494622
:1011F8002141494D331814127F1027454545393C84
:101208004A49493141211109073649494936464970
:1012180049291E0000140000004034000000081492
:10122800224114141414140041221408020159090B
:10123800063E415D594E7C1211127C7F4949493660
:101248003E414141227F4141413E7F494949417FD9
:10125800090909013E414151737F0808087F00418F
:101268007F41002040413F017F081422417F4040D8
:1012780040407F021C027F7F0408107F3E414141AD
:101288003E7F090909063E4151215E7F0919294619
:10129800264949493203017F01033F4040403F1F2F
:1012A8002040201F3F4038403F6314081463030464
:1012B8007804036159494D43007F414141020408C4
:1012C8001020004141417F04020102044040404097
:1012D80040000307080020545478407F28444438CD
:1012E8003844444428384444287F38545454180017
:1012F800087E090218A4A49C787F08040478004496
:101308007D40002040403D007F1028440000417F80
:1013180040007C047804787C080404783844444409
:1013280038FC1824241818242418FC7C0804040801
:10133800485454542404043F44243C4040207C1C1A
:101348002040201C3C4030403C44281028444C900D
:1013580090907C4464544C44000836410000007767
:101368000000004136080002010204020A2A2A2A63
:101378002050414E4943202A2A2A0A000000000032
:10138800FFFFFFFFFFFFFF7F4861726477617265AF
:1013980020616C61726D20256420616C72656164E6
:1013A8007920636C61696D6564000000486172644E
:1013B80020617373657274004F7574206F66206DB9
:1013C800656D6F727900000052656C656173650028
:1013D800626F6F74325F77323571303830000000D9
:1013E800322E312E310000007069636F000000005A
:1013F800563233313543465F5049434F00000000B1
:1014080041707220203820323032350005005250A9
:10141800DE65F4687C470110060052505422A29DF4
:101428000814011006005250861C0302F81301101C
:1014380006005250BBFF3CB6F01301100600525094
:10144800ABB36053E813011006005250E182887F65
:10145800D813011006005250D3F07542D013011072
:10146800666E6900666E692B000000006E616E0092
:10147800666E692D00000000345F0010EA5E0010FF
:10148800EA5E00102C5F0010EA5E0010EA5E0010B1
:10149800EA5E0010EA5E0010EA5E0010EA5E0010E4
:1014A800EA5E0010245F0010EA5E00101C5F001066
:1014B800EA5E0010EA5E0010145F0010E66000109B
:1014C800465F0010DA600010465F0010F6600010FA
:1014D800465F0010465F0010465F0010465F001030
:1014E800465F0010465F0010465F00103C5F00102A
:1014F800465F0010465F0010465F0010465F001010
:10150800465F00103C5F00103C610010A65E0010B2
:10151800A65E0010A65E0010A65E0010A65E001073
:10152800A65E0010A65E0010A65E0010A65E001063
:10153800A65E0010A65E0010A65E0010A65E001053
:10154800A65E0010A65E0010A65E0010A65E001043
:10155800A65E0010A65E0010A65E0010A65E001033
:10156800A65E0010A65E0010A65E0010A65E001023
:10157800A65E0010A65E0010A65E0010A65E001013
:10158800A65E0010A65E00106A63001008610010D5
:101598006A630010A65E0010A65E0010A65E00102A
:1015A800A65E0010A65E0010A65E0010A65E0010E3
:1015B800A65E0010A65E0010A65E0010A65E0010D3
:1015C800A65E0010A65E0010A65E0010A65E0010C3
:1015D800A65E0010EE5F0010A65E0010A65E00106A
:1015E800A65E0010A65E0010A65E0010A65E0010A3
:1015F800A65E0010A65E0010A65E0010EE5F00104A
:1016080050610010EE5F00106A630010086100105E
:101618006A630010A65E0010EE5F0010A65E001060
:10162800A65E0010A65E0010A65E0010A65E001062
:10163800EE5F00107A620010A65E0010A65E001031
:10164800BC610010A65E0010EE5F0010A65E0010E0
:10165800A65E0010EE5F0010000000000000F03FE2
:101668000000000000002440000000000000594075
:101678000000000000408F40000000000088C340C8
:1016880000000000006AF8400000000080842E413D
:1016980000000000D01263410000000084D7974189
:1016A8000000000065CDCD410D0A0000554152549F
:1016B80020737464696E0000554152542073746439
:1016C8006F7574005541525420737464696E202FED
:1016D800207374646F7574000600525053B4F4A1FB
:1016E800CC16011008005250120000000800525099
:1016F800921000002C7300101E7300101673001057
:101708000E73001006730010FE720010F6720010BF
:10171800EE7200103673001061001A03E000170320
:10172800F8000703FF0001007801000130013201D1
:101738000601390110014A012E01790106018001D3
:101748004D004302810182018201840184018601E6
:101758008701870189018A018B018B018D018E0127
:101768008F0190019101910193019401F601960175
:101778009701980198013D029B019C019D0120025F
:101788009F01A001A001A201A201A401A401A60138
:10179800A701A701A901AA01AB01AC01AC01AE01E7
:1017A800AF01AF01B101B201B301B301B501B50198
:1017B800B701B801B801BA01BB01BC01BC01BE0147
:1017C800F701C001C101C201C301C401C501C401BF
:1017D800C701C801C701CA01CB01CA01CD01100167
:1017E800DD0101008E01DE011201F3010300F101A8
:1017F800F401F401F8012801220212013A02090059
:10180800652C3B023B023D02662C3F02400241022E
:10181800410246020A015302400081018601550235
:1018280089018A0158028F015A0290015C025D0207
:101838005E025F0293016102620294016402650222
:1018480066026702970196016A02622C6C026D02B9
:101858006E029C01700271029D01730274029F0165
:1018680076027702780279027A027B027C02642C83
:101878007E027F02A60181028202A90184028502FA
:1018880086028702AE014402B101B20145028D020F
:101898008E028F0290029102B7017B030300FD03C1
:1018A800FE03FF03AC0304008603880389038A034D
:1018B800B1031103C2030200A303A303C403080373
:1018C800CC0303008C038E038F03D8031801F203A3
:1018D8000A00F903F303F403F503F603F703F70328
:1018E800F903FA03FA0330042003500410076004D4
:1018F80022018A043601C1040E01CF040100C0048C
:10190800D004440161052604000000007D1D01008B
:10191800632C001E9601A01E5A01001F0806101F06
:101928000606201F0806301F0806401F0606511F1E
:101938000700591F521F5B1F541F5D1F561F5F1F53
:10194800601F0806701F0E00BA1FBB1FC81FC91FE3
:10195800CA1FCB1FDA1FDB1FF81FF91FEA1FEB1F77
:10196800FA1FFB1F801F0806901F0806A01F080605
:10197800B01F0400B81FB91FB21FBC1FCC1F010045
:10198800C31FD01F0206E01F0206E51F0100EC1F5F
:10199800F31F0100FC1F4E210100322170211002AB
:1019A800842101008321D0241A05302C2F04602CB7
:1019B8000201672C0601752C0201802C6401002DA0
:1019C800260841FF1A030000C700FC00E900E200F6
:1019D800E400E000E500E700EA00EB00E800EF00C3
:1019E800EE00EC00C400C500C900E600C600F40023
:1019F800F600F200FB00F900FF00D600DC00A200B0
:101A0800A300A500A7209201E100ED00F300FA0071
:101A1800F100D100AA00BA00BF001023AC00BD003D
:101A2800BC00A100AB00BB0091259225932502259F
:101A380024256125622556255525632551255725D9
:101A48005D255C255B251025142534252C251C25B2
:101A580000253C255E255F255A25542569256625E0
:101A6800602550256C256725682564256525592539
:101A78005825522553256B256A2518250C258825B8
:101A880084258C2590258025B103DF009303C003AE
:101A9800A303C303B500C403A6039803A903B403AF
:101AA8001E22C603B50329226122B10065226422E1
:101AB80020232123F7004822B0001922B7001A2258
:101AC8007F20B200A025A000EB76904558464154EF
:101AD80020202000464154333220202000000000FE
:101AE8002A3A3C3E7C223F7F000000002B2C3B3DE5
:101AF8005B5D0000454649205041525400000100FA
:101B08004546492050415254000001005C00000045
:101B180000000200EEFEFF0001000000FFFFFFFFD3
:101B2800809A45418E418F804545454949498E8F68
:101B38009092924F994F555559999A9B9C9D9E9F6B
:101B480041494F55A5A5A6A7A8A9AAABACADAEAF6C
:101B5800B0B1B2B3B4B5B6B7B8B9BABBBCBDBEBF05
:101B6800C0C1C2C3C4C5C6C7C8C9CACBCCCDCECFF5
:101B7800D0D1D2D3D4D5D6D7D8D9DADBDCDDDEDFE5
:101B8800E0E1E2E3E4E5E6E7E8E9EAEBECEDEEEFD5
:101B9800F0F1F2F3F4F5F6F7F8F9FAFBFCFDFEFFC5
:101BA800A2A0D0EBE5B9334487C068B6B72699C779
:101BB80001030507090E10121416181C1E00000058
:101BC80025733A2041637475616C2066726571757E
:101BD800656E63793A20256C750A00007375636336
:101BE800657373002F636F6E74656E742F7069630D
:101BF8006F2F7069636F2D6578616D706C65732FD9
:101C0800626C696E6B2F6C69622F6E6F2D4F532D4E
:101C180046617446532D53442D5350492D525069F3
:101C28002D5069636F2F46617446735F5350492F77
:101C380073645F6472697665722F73645F73706929
:101C48002E63000073645F7370695F676F5F6C6F0A
:101C5800775F6672657175656E63790073645F732B
:101C680070695F676F5F686967685F6672657175DD
:101C7800656E63790000000073645F7370695F7755
:101C8800726974650000000021646D615F636861BA
:101C98006E6E656C5F69735F6275737928737069BE
:101CA8005F702D3E72785F646D6129002F636F6EDF
:101CB80074656E742F7069636F2F7069636F2D651B
:101CC80078616D706C65732F626C696E6B2F6C69CF
:101CD800622F6E6F2D4F532D46617446532D53441A
:101CE8002D5350492D5250692D5069636F2F46610D
:101CF8007446735F5350492F73645F6472697665E5
:101D0800722F7370692E63007478207C7C2072783F
:101D1800000000004E6F74696669636174696F6ED4
:101D280020776169742074696D6564206F7574200B
:101D3800696E2025730A000021646D615F63686124
:101D48006E6E656C5F69735F627573792870535046
:101D5800492D3E74785F646D6129000021646D61CE
:101D68005F6368616E6E656C5F69735F62757379D6
:101D780028705350492D3E72785F646D61290000C8
:101D88006D757465785F69735F696E697469616C94
:101D9800697A65642826705350492D3E6D757465BF
:101DA800782900007370695F7472616E736665727A
:101DB800000000007370695F6972715F68616E642A
:101DC8006C6572007370695F756E6C6F636B000091
:101DD8007370695F6C6F636B000000007370695FFC
:101DE8007472616E7366657200FF000073645F77DA
:101DF8006169745F746F6B656E3A2074696D656FA5
:101E080075740D0A000000002F636F6E74656E74A0
:101E18002F7069636F2F7069636F2D6578616D70BE
:101E28006C65732F626C696E6B2F6C69622F6E6FB5
:101E38002D4F532D46617446532D53442D5350490D
:101E48002D5250692D5069636F2F46617446735F38
:101E58005350492F73645F6472697665722F736497
:101E68005F636172642E630025733A2564205265AE
:101E780061642074696D656F75740D0A0000000057
:101E88005F726561645F62797465733A20496E7642
:101E9800616C6964204352432072656365697665A5
:101EA8006420307825687820726573756C74206FAB
:101EB8006620636F6D7075746174696F6E20307819
:101EC8002568780D0A000000436F756C646E2774EE
:101ED80020726561642063736420726573706F6E2D
:101EE80073652066726F6D206469736B0D0A00005C
:101EF8005374616E646172642043617061636974D4
:101F0800793A20635F73697A653A20256C750D0A02
:101F180000000000536563746F72733A20307825AF
:101F28006C6C78203A20256C6C750D0A0000000056
:101F380043617061636974793A203078256C6C78F4
:101F4800203A20256C6C75204D420D0A00000000D7
:101F5800534448432F5344584320436172643A2002
:101F680068635F635F73697A653A20256C750D0A4B
:101F780000000000536563746F72733A2025386C53
:101F88006C750D0A00000000436170616369747923
:101F98003A2025386C6C75204D420D0A000000006F
:101FA8004353442073747275637420756E7375702F
:101FB800706F727465640D0A00000000212243539B
:101FC800442073747275637420756E737570706FC6
:101FD800727465645C725C6E220000007265740045
:101FE8002573206661696C65640D0A0025733A25BE
:101FF800643A2043617264206E6F74207265616474
:1020080079207965740D0A004E6F20726573706FC0
:102018006E736520434D443A25640D0A00000000A4
:102028004E6F20726573706F6E736520434D443A2E
:10203800256420726573706F6E73653A2030782559
:102048006C780D0A00000000435243206572726FDD
:102058007220434D443A256420726573706F6E7325
:1020680065203078256C780D0A000000496C6C6595
:1020780067616C20636F6D6D616E6420434D443AF7
:10208800256420726573706F6E7365203078256CD7
:10209800780D0A0056322D56657273696F6E2043AB
:1020A8006172640D0A00000052332F52373A203013
:1020B80078256C780D0A000052323A203078256C69
:1020C800780D0A0043617264206973204C6F636B5A
:1020D800656420202020202020202020202020206F
:1020E80020202020202020202020200D0A00000071
:1020F800575020457261736520536B69702C204CD2
:102108006F636B2F556E6C6F636B20436D64204655
:1021180061696C656420200D0A0000004572726FC9
:102128007220202020202020202020202020202055
:102138002020202020202020202020202020202097
:102148002020200D0A0000004343204572726F7260
:102158002020202020202020202020202020202077
:102168002020202020202020202020202020200D7A
:102178000A000000436172642045434320466169B8
:102188006C65642020202020202020202020202072
:1021980020202020202020202020200D0A000000C0
:1021A80057502056696F6C6174696F6E202020202B
:1021B8002020202020202020202020202020202017
:1021C800202020202020200D0A0000004572617385
:1021D8006520506172616D20202020202020202061
:1021E80020202020202020202020202020202020E7
:1021F8002020200D0A0000004F7574206F662052C1
:10220800616E67652C204353445F4F766572777221
:102218006974652020202020202020202020200DE7
:102228000A000000496E2049646C6520537461748B
:102238006520202020202020202020202020202051
:1022480020202020202020202020200D0A0000000F
:1022580045726173652052657365742020202020C3
:102268002020202020202020202020202020202066
:10227800202020202020200D0A000000496C6C65D9
:1022880067616C20436F6D6D616E64202020202093
:102298002020202020202020202020202020202036
:1022A8002020200D0A000000436F6D204352432078
:1022B8004572726F722020202020202020202020AC
:1022C8002020202020202020202020202020200D19
:1022D8000A00000045726173652053657175656E6B
:1022E8006365204572726F722020202020202020F4
:1022F80020202020202020202020200D0A0000005F
:1023080041646472657373204572726F7220202075
:1023180020202020202020202020202020202020B5
:10232800202020202020200D0A000000506172612A
:102338006D65746572204572726F722020202020AE
:102348002020202020202020202020202020202085
:102358002020200D0A0000006D757465785F697390
:102368005F696E697469616C697A6564282670535F
:10237800442D3E6D757465782900000025733A2058
:10238800496E76616C6964204352432072656365C7
:102398006976656420307825687820726573756C75
:1023A80074206F6620636F6D7075746174696F6EE9
:1023B8002030782568780D0A0000000053696E67A0
:1023C8006C6520426C6F636B205772697465206678
:1023D80061696C65643A2030782578200D0A000020
:1023E8004D756C7469706C6520426C6F636B205717
:1023F80072697465206661696C65643A2030782575
:10240800780D0A004E6F2053442063617264206483
:1024180065746563746564210D0000004E6F206467
:1024280069736B2C206F7220636F756C64206E6FFC
:102438007420707574205344206361726420696E3F
:1024480020746F205350492069646C65207374614F
:1024580074650D0A00000000434D44382050617433
:102468007465726E206D69736D617463682030786D
:10247800256C78203A203078256C780D0A00000009
:102488004361726420496E697469616C697A656434
:102498003A204869676820436170616369747920EC
:1024A800436172640D0A00004361726420496E69D9
:1024B8007469616C697A65643A205374616E646109
:1024C8007264204361706163697479204361726446
:1024D8003A2056657273696F6E20322E780D0A00A5
:1024E8004361726420496E697469616C697A6564D4
:1024F8003A2056657273696F6E20312E78204361D9
:1025080072640D0A000000004661696C65642074FD
:102518006F20696E697469616C697A65206361729C
:10252800640D0A005344206361726420696E697403
:1025380069616C697A65640D0A0000004469646E1B
:10254800277420676574206120726573706F6E73DD
:10255800652066726F6D20746865206469736B0D01
:102568000A00000053657420256C752D6279746526
:1025780020626C6F636B2074696D6564206F75747D
:102588000D0A000054696D656F7574207761697470
:10259800696E6720666F7220636172640D0A0000BD
:1025A80073645F726561645F626C6F636B000000E7
:1025B80073645F776169745F7265616479000000B4
:1025C80073645F77726974655F626C6F636B000038
:1025D80073645F756E6C6F636B00000073645F7388
:1025E8006563746F72735F6E6F6C6F636B0000006E
:1025F80073645F6C6F636B000000211042206330CE
:102608008440A550C660E770088129914AA16BB142
:102618008CC1ADD1CEE1EFF13112100273325222EA
:10262800B5529442F772D662399318837BB35AA392
:10263800BDD39CC3FFF3DEE36224433420040114BA
:10264800E664C774A44485546AA54BB528850995E2
:10265800EEE5CFF5ACC58DD553367226111630068A
:10266800D776F6669556B4465BB77AA71997388732
:10267800DFF7FEE79DD7BCC7C448E5588668A7784A
:102688004008611802282338CCC9EDD98EE9AFF982
:10269800488969990AA92BB9F55AD44AB77A966A2A
:1026A800711A500A333A122AFDDBDCCBBFFB9EEBD2
:1026B800799B588B3BBB1AABA66C877CE44CC55CFA
:1026C800222C033C600C411CAEED8FFDECCDCDDD22
:1026D8002AAD0BBD688D499D977EB66ED55EF44ECA
:1026E800133E322E511E700E9FFFBEEFDDDFFCCF72
:1026F8001BBF3AAF599F788F8891A981CAB1EBA1C6
:102708000CD12DC14EF16FE18010A100C230E32041
:102718000450254046706760B9839893FBA3DAB3E9
:102728003DC31CD37FE35EF3B1029012F322D23291
:102738003542145277625672EAB5CBA5A8958985B9
:102748006EF54FE52CD50DC5E234C324A0148104E1
:102758006674476424540544DBA7FAB79987B89789
:102768005FE77EF71DC73CD7D326F2369106B01631
:1027780057667676154634564CD96DC90EF92FE949
:10278800C899E9898AB9ABA9445865480678276881
:10279800C018E1088238A3287DCB5CDB3FEB1EFB29
:1027A800F98BD89BBBAB9ABB754A545A376A167AD1
:1027B800F10AD01AB32A923A2EFD0FED6CDD4DCDF9
:1027C800AABD8BADE89DC98D267C076C645C454C21
:1027D800A23C832CE01CC10C1FEF3EFF5DCF7CDFC9
:1027E8009BAFBABFD98FF89F176E367E554E745E71
:1027F800932EB23ED10EF01E0009121B242D363F37
:1028080048415A536C657E7719100B023D342F26C8
:102818005158434A757C676E323B2029161F040DB8
:102828007A7368615E574C452B2239300F061D14A8
:10283800636A7178474E555C646D767F4049525B98
:102848002C253E3708011A137D746F6659504B4288
:10285800353C272E1118030A565F444D727B606978
:102868001E170C053A3328214F465D546B62797068
:10287800070E151C232A31384148535A656C777E58
:1028880009001B122D243F3658514A437C756E6748
:102898001019020B343D262F737A6168575E454C38
:1028A8003B3229201F160D046A6378714E475C5528
:1028B800222B3039060F141D252C373E0108131A18
:1028C8006D647F7649405B523C352E2718110A0308
:1028D800747D666F5059424B171E050C333A2128F8
:1028E8005F564D447B7269600E071C152A233831E8
:1028F800464F545D626B7079257300006173736590
:102908007274696F6E2022257322206661696C6576
:10291800643A2066696C6520222573222C206C6934
:102928006E652025642C2066756E6374696F6E3A37
:102938002025730A000000004E6F20444D4120639B
:1029480068616E6E656C732061726520617661697D
:0C2958006C61626C6500000058160020E5
:10296400940401109C04011014140110201401108B
:102974002C140110381401104414011050140110C7
:102984005C140110E0160110EC160110F41601108D
:10299400F8B50D00040000F073FAFA2206000F00E7
:1029A400002328000021920000F072FA36184F41EB
:1029B400002F25DB00250BE02368BFF35F8F1D602C
:1029C40081F310883000390000F052FA00281BD13E
:1029D4002268EFF3108172B61368002BFCD0BFF3AA
:1029E4005F8F0422A35E002BE6DD013BA3802368F6
:1029F400BFF35F8F00221A6081F310880120F8BDB5
:102A04000126024F7642D5E70020F8E7FFFFFF7F5B
:102A140010B50268EFF3108172B61368002BFCD076
:102A2400BFF35F8F0422835E0624025F9A420BDDAC
:102A3400013383800368BFF35F8F00221A6081F340
:102A4400108840BF012010BD0368BFF35F8F0022D0
:102A54001A6081F310880020F5E7C046D02330B512
:102A640000251B0600245D5706E00368BFF35F8F53
:102A74001C6081F3108820BF0268EFF3108172B6E6
:102A84001368002BFCD0BFF35F8F03797F2BECD945
:102A940005710368BFF35F8F00221A6081F3108809
:102AA40030BDC046F0B5C646150000B504001E0092
:102AB4000268EFF3108172B61368002BFCD0BFF3E9
:102AC4005F8F0423E356002B2DDB2268BFF35F8F57
:102AD4000020106081F31088D0221206127852B2BE
:102AE40090469A4203D1002080BCB846F0BD00272E
:102AF4000BE02368BFF35F8F1F6081F31088280009
:102B0400310000F0B5F90028EDD12268EFF310810F
:102B140072B61368002BFCD0BFF35F8F23797F2B31
:102B2400E7D9434602E0D0231B061B6823712368C0
:102B3400BFF35F8F00221A6081F310880120D3E76E
:102B44000268EFF3108172B61368002BFCD0BFF358
:102B54005F8FFF2303710368BFF35F8F00221A6046
:102B640081F3108840BF7047F8B5244B47461E7860
:102B7400CE46731E9E41224B36019C46214B80B5A6
:102B84009946214B00259846204F664402E00135C2
:102B94000C2D28D00123AB4032681A42F7D0002410
:102BA40000E0013400F084F98442F0D2200000F007
:102BB4004FF9C369AB42F4D1200000F049F9041E77
:102BC400E5D00123AB40124A33609446C3699B01AC
:102BD40063441B68DB010AD4200001353030FFF761
:102BE40017FF0C2DD6D1C0BCB946B046F8BD4B4634
:102BF40042462F21380000F033F9EDE78E380020EB
:102C04000C040050901C0110BC1D0110B41C0110D8
:102C140010000050F0B557464E46DE464546E0B536
:102C2400040016001F0083B0002900D16BE01023BC
:102C3400026A1A43934622622023626A002E00D15C
:102C44006EE0134300930122E06963628240904680
:102C5400A022D20515004346414A0195AB50A36911
:102C6400AC4699469B019A46E24453462268196051
:102C7400594608325A609F601961009B8101614482
:102C84000A6001254E608F600B614B469D404346B0
:102C94001D438623FA212000019ADB00D5508900C8
:102CA4003030FFF775FE051E4DD0A36980219A01CF
:102CB4002C4B49049C46624413680B42FCD1E369E3
:102CC40080219A01274B49049C46624413680B42B5
:102CD400FCD1A022D2059446A3699B0163441B69DD
:102CE4000B4229D1A022D2059446E3699B01634497
:102CF4001B69DB0119D4280003B0F0BCBB46B24603
:102D0400A946A046F0BD002A22D01023226A164903
:102D14009A43934622622023626A002E00D090E7F1
:102D24009A431300114E00928DE77921104B114AFA
:102D3400114800F095F8DEE77821104B0D4A0E4853
:102D440000F08EF8CEE70E490E4800F0A9F8D2E75D
:102D54000D4B084A0848423100F082F8D5E7C046D6
:102D64000C04000010000050F11D01103816002062
:102D7400641D0110E41D0110B41C0110401D01105C
:102D8400AC1D01101C1D0110101D0110F0B54F46A3
:102D94004646D6468946C0B50600181E1BD01D00FF
:102DA4001C000223984602339C46002D18D02B00A9
:102DB40008334146F76839421FD0A3421DD9012187
:102DC4004B468A461B78013DB360D1442B00002C4E
:102DD40008D1002BE9D1E0BCBA46B146A846F0BD03
:102DE400002CF8D06346F7683B42DED0B368013C60
:102DF4001370230001322B43EBE7002CF2D1D8E708
:102E040030B50400101E0AD00A000D180221E36830
:102E14001942FCD013780132A3609542F7D1E368DC
:102E24005B0704D50421A368E3681942FBD1102190
:102E3400E3681942FCD1E3685B0704D50421A36865
:102E4400E3681942FBD10123236230BD7047C046B9
:102E540001B40248844601BC604700BF312D001014
:102E640001B40248844601BC604700BFD9EA00109F
:102E740001B40248844601BC604700BFA13E001073
:102E840001B40248844601BC604700BFC13F001042
:102E940001B40248844601BC604700BFDD52001003
:102EA40001B40248844601BC604700BF8DEA0010AB
:102EB40001B40248844601BC604700BF2D2D0010B8
:102EC40010060020A007002030090020C00A0020BE
:102ED400500C0020E00D0020700F00200011002095
:102EE4000000000000F000000000000000000FFFE0
:102EF40000000000000000003FFFC00000000000D0
:102F040000007FFFE000000000000000FFFFF00071
:102F1400000000000001FFFFF000000000000001BD
:102F2400FFFFF800000000000003FE07F8000000A7
:102F340000000003FC07FC00000000000007F80389
:102F4400FC00000000000007F803FC000000000083
:102F54000007F001FC00000000000007F001FE0083
:102F640000000000000FF001FE0000000000000F50
:102F7400F001FE0000000000000FF001FE00000060
:102F84000000000FF001FE0000000000000FF0013F
:102F9400FE0000000000000FF001FE000000000031
:102FA400000FF001FE0000000000000FF001FE0021
:102FB40000000000000FF001FE0000000000000F00
:102FC400F001FE0000000000000FF001FE00000010
:102FD4000000000FF001FE0000000000000FF001EF
:102FE400FE0000000000000FF001FE0000000000E1
:102FF400000FF001FC00000000000007F001FC00DD
:10300400000000000007F803FC00000000000007B7
:10301400F803FC00000000000007F807F8000000B7
:1030240000000003FC0FF800000000000003FFFF95
:10303400F000000000000001FFFFF00000000000AD
:103044000001FFFFE000000000000000FFFFC000DF
:103054000000000000007FFF80000000000000006E
:103064001FFE000000000000000001E0000000005E
:103074000000000003F000000000000000000FF852
:1030840000000000000000001FF800000000000025
:1030940000007FF80000000000000001FFF80000BD
:1030A400000000000003FFF8000000000000000F13
:1030B400FFF8000000000000000FFFF8000000000F
:1030C4000000000FF7F8000000000000000F87F870
:1030D400000000000000000F07F8000000000000DE
:1030E400000007F8000000000000000007F80000DE
:1030F40000000000000007F80000000000000000CD
:1031040007F8000000000000000007F800000000BD
:103114000000000007F8000000000000000007F8AD
:10312400000000000000000007F80000000000009C
:10313400000007F8000000000000000007F800008D
:1031440000000000000007F800000000000000007C
:1031540007F8000000000000000007F8000000006D
:103164000000000007F8000000000000000007F85D
:10317400000000000000000007F80000000000004C
:10318400000007F8000000000000000007F800003D
:1031940000000000000007F800000000000000002C
:1031A40007F8000000000000000007F8000000001D
:1031B4000000000007F80000000000000007FFFF07
:1031C400E00000000000000FFFFFF000000000001E
:1031D400000FFFFFF00000000000000FFFFFF000F1
:1031E40000000000000FFFFFF00000000000000FCF
:1031F400FFFFF000000000000007FFFFF0000000E8
:10320400000000000FF000000000000000007FFC40
:103214000000000000000001FFFF000000000000AB
:103224000003FFFF8000000000000007FFFFC00054
:10323400000000000007FFFFC000000000000007BE
:10324400FFFFE000000000000007E0FFE0000000D6
:1032540000000007007FE000000000000006003FBF
:10326400E000000000000000003FE000000000005B
:103274000000003FE000000000000000003FE0000C
:10328400000000000000003FE0000000000000001B
:10329400003FE000000000000000003FE0000000EC
:1032A40000000000007FC000000000000000007F5C
:1032B400C00000000000000000FF800000000000CB
:1032C400000000FF800000000000000001FF00007B
:1032D40000000000000003FF0000000000000000E8
:1032E40003FE000000000000000007FC00000000D6
:1032F400000000000FF800000000000000001FF0B4
:1033040000000000000000003FE00000000000009A
:1033140000007FC00000000000000000FFC00000AB
:10332400000000000001FF00000000000000000198
:10333400FF000000000000000003FE000000000089
:1033440000000007FC000000000000000007FDFF73
:10335400F00000000000000FFFFFF8000000000074
:10336400000FFFFFF80000000000000FFFFFF8004F
:1033740000000000000FFFFFF80000000000000F35
:10338400FFFFF800000000000007FFFFF00000004E
:103394000000000003F000000000000000003FFFF8
:1033A4000000000000000000FFFF8000000000009B
:1033B4000003FFFFC000000000000003FFFFE00067
:1033C400000000000003FFFFF00000000000000305
:1033D400FCFFF000000000000003C03FF00000000C
:1033E40000000003801FF000000000000002000F36
:1033F400F000000000000000000FF00000000000DA
:103404000000000FF000000000000000000FF000BA
:10341400000000000000001FF00000000000000099
:10342400001FE000000000000000003FE00000007A
:103434000000000001FFC0000000000000007FFF4A
:103444008000000000000000FFFE000000000000FB
:103454000000FFFF0000000000000000FFFFC000AC
:103464000000000000007FFFE000000000000000FA
:1034740000FFF000000000000000001FF800000042
:1034840000000000000FF80000000000000000072A
:10349400FC000000000000000007FC000000000029
:1034A40000000007FC000000000000000007FC0012
:1034B4000000000000000007FC0000000000000005
:1034C4000007FC00000000000006000FFC000000E4
:1034D40000000007801FF800000000000007F8FF4C
:1034E400F800000000000007FFFFF00000000000EB
:1034F4000007FFFFE000000000000007FFFFC0001E
:10350400000000000003FFFF800000000000000036
:10351400FFFE00000000000000001FF0000000009B
:103524000000000001FF000000000000000003FF95
:10353400800000000000000007FF80000000000081
:10354400000007FF80000000000000000FFF800063
:103554000000000000000FFF8000000000000000D9
:103564001FFF80000000000000001FFF800000001B
:10357400000000003FBF80000000000000007F3F0B
:1035840080000000000000007F3F80000000000079
:103594000000FE3F8000000000000000FE3F8000AD
:1035A400000000000001FC3F80000000000000015A
:1035B400F83F8000000000000003F83F8000000096
:1035C40000000003F03F8000000000000007F03F0F
:1035D4008000000000000007E03F800000000000C1
:1035E400000FE03F800000000000001FC03F80008B
:1035F40000000000001F803F800000000000003F2A
:10360400803F800000000000003F003F8000000079
:103614000000003F007F800000000000007FFFFFEB
:10362400F80000000000007FFFFFF8000000000029
:10363400007FFFFFFC0000000000007FFFFFFC0094
:1036440000000000003FFFFFF80000000000003F02
:10365400FFFFF800000000000000007F8000000071
:1036640000000000003F8000000000000000003F58
:103674008000000000000000003F80000000000007
:103684000000003F8000000000000000003F8000B8
:10369400000000000000003F800000000000000067
:1036A400003F8000000000000000001F0000000038
:1036B40000000001FFFFF000000000000001FFFF18
:1036C400F000000000000003FFFFF0000000000015
:1036D4000003FFFFF000000000000003FFFFF00004
:1036E400000000000003FFFFF000000000000003E2
:1036F400FFFFF000000000000003FC0000000000D9
:1037040000000003FC000000000000000003FC00B7
:103714000000000000000003FC00000000000000A6
:103724000003FC000000000000000003FC00000097
:10373400000000000003FC00000000000000000383
:10374400FC000000000000000003FFF00000000087
:1037540000000003FFFF0000000000000003FFFF63
:10376400C000000000000003FFFFF00000000000A4
:103774000001FFFFF000000000000001FFFFF8005F
:10378400000000000000003FFC00000000000000FA
:10379400000FFC000000000000000007FC00000017
:1037A400000000000003FC00000000000000000313
:1037B400FE000000000000000003FE000000000006
:1037C40000000003FE000000000000000003FC00F5
:1037D4000000000000000003FC00000000000000E6
:1037E4000007FC000000000000020007FC000000CD
:1037F40000000007801FF800000000000007FFFF22
:10380400F800000000000007FFFFF00000000000C7
:103814000007FFFFE000000000000007FFFFC000FA
:10382400000000000003FFFF800000000000000013
:10383400FFFE00000000000000000FE00000000098
:103844000000000001FE00000000000000000FFF67
:10385400C0000000000000003FFFC00000000000A6
:1038640000007FFFE000000000000000FFFFE00018
:10387400000000000001FFFFC00000000000000382
:10388400FE00C000000000000003FC000000000077
:1038940000000007F8000000000000000007F0002E
:1038A400000000000000000FF00000000000000015
:1038B400000FE000000000000000000FE000000026
:1038C40000000000000FE000000000000000001FE6
:1038D400E000000000000000001FC0F8000000002D
:1038E4000000001FCFFF000000000000001FFFFFCA
:1038F400C00000000000001FFFFFE0000000000007
:10390400001FFFFFE00000000000001FFFFFF000A9
:1039140000000000001FF81FF00000000000001F5E
:10392400E00FF80000000000001FE007F8000000AE
:103934000000001FE007F80000000000001FE0077F
:10394400F80000000000001FE007F800000000007D
:10395400001FE007F80000000000001FE007F80067
:1039640000000000001FE007F80000000000000F46
:10397400E007F00000000000000FF00FF00000006E
:103984000000000FF00FF000000000000007F81F17
:10399400E000000000000007FFFFE000000000005E
:1039A4000003FFFFC000000000000003FFFF8000D1
:1039B400000000000000FFFF000000000000000005
:1039C4007FFC00000000000000000FE00000000089
:1039D40000000003FFFFFC00000000000007FFFFE1
:1039E400FE00000000000007FFFFFE0000000000D2
:1039F4000007FFFFFE00000000000007FFFFFE00BD
:103A0400000000000007FFFFFE00000000000003AC
:103A1400FFFFFE000000000000000003FC000000A7
:103A2400000000000003FC0000000000000000078C
:103A3400FC000000000000000007F8000000000087
:103A440000000007F800000000000000000FF00074
:103A5400000000000000000FF00000000000000063
:103A6400001FE000000000000000001FE000000054
:103A740000000000003FE000000000000000003FE4
:103A8400C000000000000000003FC0000000000073
:103A94000000007F8000000000000000007F800024
:103AA40000000000000000FF800000000000000093
:103AB40000FF000000000000000001FF0000000003
:103AC4000000000001FE000000000000000003FEF2
:103AD400000000000000000003FE000000000000E1
:103AE400000003FC000000000000000007FC0000D0
:103AF40000000000000007F80000000000000000C3
:103B04000FF800000000000000000FF000000000AB
:103B1400000000001FF000000000000000001FF083
:103B240000000000000000001FE000000000000092
:103B340000003FE000000000000000003FC0000063
:103B44000000000000007FC0000000000000000032
:103B54007F8000000000000000003F000000000023
:103B640089323331350D0A1A00000000312E33003A
:103B74000C0D0110501500200D0000000100000084
:103B84000B00000000000000000000000000000026
:103B94000000000000000000000000000000000021
:103BA4000000000000000000000000000000000011
:103BB4000000000000000000000000000000000001
:103BC40000000000000000000000000000000000F1
:103BD40000000000000000000000000000000000E1
:103BE40000000000000000000000000000000000D1
:103BF40000000000000000000000000000000000C1
:103C040000000000000000000000000000000000B0
:103C140000000000000000000000000000000000A0
:103C24000000000000000000000000000000000090
:103C34000000000000000000000000000000000080
:103C44000000000000000000000000000000000070
:103C54000000000000000000000000000000000060
:103C64000000000000000000000000000000000050
:103C74000000000000000000000000000000000040
:103C84000000000000000000000000000000000030
:103C94000000000000000000000000000000000020
:103CA4000000000000000000000000000000000010
:103CB4000000000000000000000000000000000000
:103CC40000000000000000000000000000000000F0
:103CD40000000000000000000000000000000000E0
:103CE40000000000000000000000000000000000D0
:103CF40000000000000000000000000000000000C0
:103D040000000000000000000000000000000000AF
:103D1400000000000000000000000000000000009F
:103D2400000000000000000000000000000000008F
:103D3400000000000000000000000000000000007F
:103D4400000000000000000000000000000000006F
:103D5400000000000000000000000000000000005F
:103D6400000000000000000000000000000000004F
:103D7400000000000000000000000000000000003F
:103D8400000000000000000000000000000000002F
:103D9400000000000000000000000000000000001F
:103DA400000000000000000000000000000000000F
:103DB40000000000000000000000000000000000FF
:103DC40000000000000000000000000000000000EF
:103DD40000000000000000000000000000000000DF
:103DE40000000000000000000000000000000000CF
:103DF40000000000000000000000000000000000BF
:103E040000000000000000000000000000000000AE
:103E1400000000000000000000000000000000009E
:103E2400000004400C0000000F0000000E00000021
:103E340020BCBE00000000000000000000000000E4
:103E4400000000000000000000000000000000006E
:103E5400000000000000000000000000000000005E
:103E6400100000000000000000000100000000003D
:103E7400000000000000020000000000000000003C
:103E84000000030000000000000000000000FF002C
:103E94000000000001B5486801318E4600477046B5
:103EA40009380149884701BD0537001000000000AA
:103EB40000000000000000000000000000000000FE
:103EC400702300200000000000000000000000003B
:103ED400503300004C3300005433000052330000D0
:103EE4004D5300004D4300005334000043340000A0
:103EF4003D70001035710010897000104971001078
:103F04000000000000010000A50100000040044082
:103F140000000000008004400000000000000000D9
:103F24005816002000000000000000004419002082
:103F3400AC190020141A002000000000000000004A
:103F4400000000000000000000000000000000006D
:103F5400000000000000000000000000000000005D
:103F6400000000000000000000000000000000004D
:103F7400000000000000000000000000000000003D
:103F8400000000000000000000000000000000002D
:103F9400000000000000000000000000000000001D
:103FA400000000000000000000000000000000000D
:103FB40000000000000000000000000000000000FD
:103FC40000000000000000000000000000000000ED
:103FD40001000000000000000E33CDAB34126DE68A
:103FE400ECDE05000B0000000000000000000000F3
:103FF40000000000000000000000000000000000BD
:1040040000000000000000000000000000000000AC
:10401400000000000000000000000000000000009C
:10402400000000000000000000000000000000008C
:10403400000000000000000000000000000000007C
:10404400000000000000000000000000000000006C
:10405400000000000000000000000000000000005C
:10406400000000000000000000000000000000004C
:10407400000000000000000000000000000000003C
:10408400000000000000000000000000000000002C
:10409400000000000000000000000000000000001C
:1040A400000000000000000000000000000000000C
:1040B40000000000000000000000000000000000FC
:1040C40000000000000000000000000000000000EC
:1040D40000000000000000000000000000000000DC
:1040E40000000000000000000000000000000000CC
:1040F40000000000000000000000000000000000BC
:1041040000000000000000000000000000000000AB
:10411400000000000000000000000000000000009B
:10412400000000000000000000000000000000008B
:10413400000000000000000000000000000000007B
:10414400000000000000000000000000000000006B
:10415400000000000000000000000000000000005B
:10416400000000000000000000000000000000004B
:10417400000000000000000000000000000000003B
:10418400000000000000000000000000000000002B
:10419400000000000000000000000000000000001B
:1041A400000000000000000000000000000000000B
:1041B40000000000000000000000000000000000FB
:1041C40000000000000000000000000000000000EB
:1041D40000000000000000000000000000000000DB
:1041E40000000000000000000000000000000000CB
:1041F40000000000000000000000000000000000BB
:1042040000000000000000000000000000000000AA
:10421400000000000000000000000000000000009A
:10422400000000000000000000000000000000008A
:10423400000000000000000000000000000000007A
:10424400000000000000000000000000000000006A
:10425400000000000000000000000000000000005A
:10426400000000000000000000000000000000004A
:10427400000000000000000000000000000000003A
:10428400000000000000000000000000000000002A
:10429400000000000000000000000000000000001A
:1042A400000000000000000000000000000000000A
:1042B40000000000000000000000000000000000FA
:1042C40000000000000000000000000000000000EA
:1042D40000000000000000000000000000000000DA
:1042E40000000000000000000000000000000000CA
:1042F40000000000000000000000000000000000BA
:1043040000000000000000000000000000000000A9
:104314000000000000000000000000000000000099
:104324000000000000000000000000000000000089
:104334000000000000000000000000000000000079
:104344000000000000000000000000000000000069
:10435400FFFFFFFF0000020000000000000000005B
:10436400881A0020881A0020901A0020901A002031
:10437400981A0020981A0020A01A0020A01A0020E1
:10438400A81A0020A81A0020B01A0020B01A002091
:10439400B81A0020B81A0020C01A0020C01A002041
:1043A400C81A0020C81A0020D01A0020D01A0020F1
:1043B400D81A0020D81A0020E01A0020E01A0020A1
:1043C400E81A0020E81A0020F01A0020F01A002051
:1043D400F81A0020F81A0020001B0020001B0020FF
:1043E400081B0020081B0020101B0020101B0020AD
:1043F400181B0020181B0020201B0020201B00205D
:10440400281B0020281B0020301B0020301B00200C
:10441400381B0020381B0020401B0020401B0020BC
:10442400481B0020481B0020501B0020501B00206C
:10443400581B0020581B0020601B0020601B00201C
:10444400681B0020681B0020701B0020701B0020CC
:10445400781B0020781B0020801B0020801B00207C
:10446400881B0020881B0020901B0020901B00202C
:10447400981B0020981B0020A01B0020A01B0020DC
:10448400A81B0020A81B0020B01B0020B01B00208C
:10449400B81B0020B81B0020C01B0020C01B00203C
:1044A400C81B0020C81B0020D01B0020D01B0020EC
:1044B400D81B0020D81B0020E01B0020E01B00209C
:1044C400E81B0020E81B0020F01B0020F01B00204C
:1044D400F81B0020F81B0020001C0020001C0020FA
:1044E400081C0020081C0020101C0020101C0020A8
:1044F400181C0020181C0020201C0020201C002058
:10450400281C0020281C0020301C0020301C002007
:10451400381C0020381C0020401C0020401C0020B7
:10452400481C0020481C0020501C0020501C002067
:10453400581C0020581C0020601C0020601C002017
:10454400681C0020681C0020701C0020701C0020C7
:10455400781C0020781C0020801C0020801C002077
:10456400881C0020881C0020901C0020901C002027
:10457400981C0020981C0020A01C0020A01C0020D7
:10458400A81C0020A81C0020B01C0020B01C002087
:10459400B81C0020B81C0020C01C0020C01C002037
:1045A400C81C0020C81C0020D01C0020D01C0020E7
:1045B400D81C0020D81C0020E01C0020E01C002097
:1045C400E81C0020E81C0020F01C0020F01C002047
:1045D400F81C0020F81C0020001D0020001D0020F5
:1045E400081D0020081D0020101D0020101D0020A3
:1045F400181D0020181D0020201D0020201D002053
:10460400281D0020281D0020301D0020301D002002
:10461400381D0020381D0020401D0020401D0020B2
:10462400481D0020481D0020501D0020501D002062
:10463400581D0020581D0020601D0020601D002012
:10464400681D0020681D0020701D0020701D0020C2
:10465400781D0020781D0020801D0020801D002072
:10466400881D0020881D0020901D0020901D002022
:10467400981D0020981D0020A01D0020A01D0020D2
:10468400A81D0020A81D0020B01D0020B01D002082
:10469400B81D0020B81D0020C01D0020C01D002032
:1046A400C81D0020C81D0020D01D0020D01D0020E2
:1046B400D81D0020D81D0020E01D0020E01D002092
:1046C400E81D0020E81D0020F01D0020F01D002042
:1046D400F81D0020F81D0020001E0020001E0020F0
:1046E400081E0020081E0020101E0020101E00209E
:1046F400181E0020181E0020201E0020201E00204E
:10470400281E0020281E0020301E0020301E0020FD
:10471400381E0020381E0020401E0020401E0020AD
:10472400481E0020481E0020501E0020501E00205D
:10473400581E0020581E0020601E0020601E00200D
:10474400681E0020681E0020701E0020701E0020BD
:10475400781E0020781E0020801E0020801E00206D
:104764000000000000000000000000000000000045
:0847740000000000000000003D
:04000005100001E9FD
:00000001FF
